model,layer,relative_depth,overall,care,harm,fairness,cheating,loyalty,betrayal,authority,subversion,sanctity,degradation
Guard-Gen-0.6B,0,0.0,0.15658583973934798,0.18914919160678012,0.19682372870180787,0.10182303743817489,0.211144108527054,0.16001590428451273,0.21304338161606373,0.11222142448029415,0.14353832004679334,0.08466276129400752,0.15343653939817514
Guard-Gen-0.6B,1,0.037037037037037035,0.15464529189862553,0.1897238969670011,0.19853067367946942,0.09913994932757664,0.2114070338034948,0.17644397153516056,0.20790324985848263,0.09286648977118173,0.1473302058080418,0.08145334382111091,0.14165410441492465
Guard-Gen-0.6B,2,0.07407407407407407,0.07401039290261346,0.16965787941392407,0.13345379451545825,0.029160436472372653,0.19005423870509586,0.1022324499804862,0.10380413883226591,-0.03290033531945591,-0.04931734928844045,-0.0015015237848539087,0.09546019949948381
Guard-Gen-0.6B,3,0.1111111111111111,0.08816280579342771,0.17569529081440471,0.13994587337357056,-0.014784463862001829,0.0313383188138846,0.08379517574928952,0.18562967212789971,0.07550468643592068,0.07386341377970052,0.006576761874365844,0.12406332882745663
Guard-Gen-0.6B,4,0.14814814814814814,0.08068321010983635,0.20190665403960328,0.19168273836555139,-0.02851092769261121,0.07852144251536641,0.14201219655346586,0.18306851262869694,0.058118749114839496,-0.130272264021269,0.003200030120740993,0.10710496947417958
Guard-Gen-0.6B,5,0.18518518518518517,0.05736895179613731,0.1875315403082337,0.11866617983584415,-0.016277758913702645,0.11390531185192221,0.04840117154224388,0.1528534582414921,-0.08552577728583333,-0.097440089827181,0.041243597362409234,0.11033188484614553
Guard-Gen-0.6B,6,0.2222222222222222,0.04752880273080642,0.17497405938218358,0.1743075158573434,0.016115045258539795,0.07209860993981676,0.05435872791426222,0.20048638472351943,-0.14817569278570697,-0.031086508584857286,-0.1648847458893521,0.12709463149250866
Guard-Gen-0.6B,7,0.25925925925925924,0.028745144863285145,0.13463724895038576,0.1384836158669268,0.003270381433866487,0.02301915411503852,0.04317326227874052,0.15029680245232402,0.051496780142627374,0.00627591902348934,-0.3473909618359847,0.08418924620563861
Guard-Gen-0.6B,8,0.2962962962962963,0.061755612454260846,0.15474629164932208,0.14848345624973625,0.11303384699176244,0.16014523106730183,0.16026597435046763,0.15547311674749376,-0.012671948486786544,-0.0484585558938877,-0.09883644034630956,-0.11462484778629056
Guard-Gen-0.6B,9,0.3333333333333333,0.053067603153209464,0.20550860934885073,0.18198216944188383,-0.207294187070858,0.1703370046198518,0.18590212534205075,0.1276335870811114,-0.12122370895516621,0.08853975282030102,-0.23971292366720043,0.13900360257148525
Guard-Gen-0.6B,10,0.37037037037037035,0.06638470500563552,0.1781588381124689,0.18296584909446267,-0.03350181008752595,0.15690225935192392,0.19784702625417194,0.0256528971688591,-0.14334379295610478,-0.009041064777340235,0.031673632359257575,0.07653321553640546
Guard-Gen-0.6B,11,0.4074074074074074,0.008315679063037318,0.15386644757924772,0.17005429151644524,-0.07206164320915787,0.002668177298523533,-0.00806217987734259,0.07634287911830095,-0.007686004353705256,-0.12610108815450838,-0.08828666792830364,-0.017577421358904832
Guard-Gen-0.6B,12,0.4444444444444444,-0.045119665414399324,0.044897342078394686,0.13447217735189165,-0.23162670423364418,-0.09741999209295371,-0.17180474988689243,0.21318319678831832,-0.012644194975079959,-0.13686394154927606,-0.303112559411727,0.10972277178718426
Guard-Gen-0.6B,13,0.48148148148148145,0.0015995317623321514,0.07820448967510607,0.19761906301644905,-0.18420933912202098,0.026817394540087025,0.02268572842856642,-0.07780566512666276,0.018894083425056718,0.10920644662520484,-0.335764717147252,0.1603478333090057
Guard-Gen-0.6B,14,0.5185185185185185,0.06449109517948139,0.16538421485839172,0.16074112086193593,0.029220556191639324,0.026727696704672343,0.14109333325066875,0.20659924332767599,-0.1638680013266427,0.10434410611213896,-0.06311146386911526,0.03778014568365662
Guard-Gen-0.6B,15,0.5555555555555556,0.00916840331284623,0.20366358707533128,0.19696814425049392,0.022882574282441115,-0.09700558536629789,-0.3033432772025739,0.15081945745519987,-0.07597416350248132,-0.13360497246197522,0.005702781536467416,0.12157548706203714
Guard-Gen-0.6B,16,0.5925925925925926,-0.011900771204253369,0.19415476629899597,0.21637952565074525,0.09842488422360707,0.09758861395870999,0.1706395552529144,-0.09312162562973736,-0.015487325607930869,-0.36882739471251713,-0.2487717681592445,-0.16998694331786157
Guard-Gen-0.6B,17,0.6296296296296297,-0.09009956265260094,0.05273554677697101,0.04616561872359126,-0.7655131155245736,-0.06753278998253776,-0.27848939110543736,0.10138468796553624,0.061409914399892185,0.00935633492331911,0.0020964025321491553,-0.06260883523465477
Guard-Gen-0.6B,18,0.6666666666666666,-0.09491917799698202,-0.2176942976002667,0.21353267857106428,-0.185014893065917,0.13545910823110785,0.08535761249362317,0.21104417438684053,-0.13909321658232376,-0.22692475184617145,-0.7927690944329098,-0.03308910012466604
Guard-Gen-0.6B,19,0.7037037037037037,-0.3488708472698795,-0.11757150259005966,-0.019175407574843817,-0.8153830679639498,-0.22631643028951998,-0.09206012630757954,-0.4584178201933551,-0.21026034307504649,-0.9080363512301093,-0.6218380170993918,-0.019649406374650402
Guard-Gen-0.6B,20,0.7407407407407407,-0.24177838894573025,-0.08646266389570156,0.008333369020246506,-0.358968663947276,0.05326295620896737,-0.19901068244718023,0.14674619112489962,-1.2767017330690056,-0.2970549045486026,-0.24374597584284108,-0.1641817820606022
Guard-Gen-0.6B,21,0.7777777777777778,-0.552861705696333,-1.1724942905805036,-0.27692134248097977,-0.28202572426429295,-0.22690798840014237,-0.4054402488109585,-0.36741302140776533,-1.0148986647426717,-0.06513025002303197,-1.2208300883830248,-0.49655543786967793
Guard-Gen-0.6B,22,0.8148148148148148,-0.472770351164301,-0.06789153576712748,-0.667349346295415,-0.6150160675451666,0.050688847622585076,-1.0933414496124212,-0.05527306025355028,-1.1960877465842579,-0.4023357851251541,-0.6275456940478632,-0.05355167403439931
Guard-Gen-0.6B,23,0.8518518518518519,-0.8789640367760907,-0.9100805286348483,-0.07714389525533094,-0.8501044939564408,-1.5518905252638775,-0.2940696284174411,-0.5561409629676748,-2.218726682547675,-0.8020548096573508,-0.7848481441721766,-0.7445806968877047
Guard-Gen-0.6B,24,0.8888888888888888,-1.3790240748335991,-1.2280630402496922,-0.7066565525090733,-2.819255727176066,-1.739970329051372,-1.2117693035916206,-1.5048209605557323,-0.43459759807477427,-0.7911121194370974,-3.2247100949795104,-0.12928502271047537
Guard-Gen-0.6B,25,0.9259259259259259,-0.7831377200682165,0.01205324173504474,-1.0315099085573665,-0.15352824419821332,-0.976571593469189,-0.9012056733990319,-0.11259563481308987,-0.3909522094692468,-1.7580888621481288,-2.096594690604815,-0.4223836257578304
Guard-Gen-0.6B,26,0.9629629629629629,-1.7968907492389632,-0.701395853298894,-0.4599110706980516,-4.1065586373726095,-0.6229734655152481,-2.9950285929379064,-2.126861906649117,-0.25040568695689247,-0.9268984567325387,-2.299482944969132,-3.4793908772585027
Guard-Gen-0.6B,27,1.0,-1.7897696064874888,-0.6341277076504206,-0.5827389265921148,-1.9043775366178974,-2.011029457401226,-1.1218456350674821,-0.815514549702475,-2.60387052938277,-1.1264691419060324,-3.9407606223529,-3.156961958200932
Guard-Gen-4B,0,0.0,0.16824184597717992,0.20363776086588525,0.20442965625758258,0.11363260049029666,0.2268739808963699,0.19004700011301778,0.2189498114608005,0.12039867861907083,0.15549666463164058,0.09169888156619121,0.15725342487112348
Guard-Gen-4B,1,0.02857142857142857,0.16174330191763317,0.2073176064088964,0.20813071615870338,0.10094600432433443,0.22236635686156891,0.17268147849215187,0.2169878818068468,0.11599820204344824,0.1380353182738242,0.07534532735092314,0.15962412745581667
Guard-Gen-4B,2,0.05714285714285714,0.16942661433015943,0.2121375272034246,0.21503423462587146,0.11720398312192248,0.21677109975844766,0.18934068365985102,0.22435426712075668,0.13224283117823865,0.14255020665700824,0.07642906234023672,0.16820224763600966
Guard-Gen-4B,3,0.08571428571428572,0.1525320560303975,0.20939628053420878,0.19674079608782136,0.10162056183329415,0.17161253530987874,0.17120198312588109,0.2119098293029269,0.11068830120161843,0.14834313642223973,0.06840511998154342,0.13540201650475459
Guard-Gen-4B,4,0.11428571428571428,0.14141270657554084,0.20170628237241428,0.16846605765229172,0.10520890265110627,0.2074954588850485,0.11441680816050281,0.21798562811779432,0.08459945828526283,0.10103322711090013,0.06802686443638084,0.14518837808388563
Guard-Gen-4B,5,0.14285714285714285,0.14350083799546917,0.19688434352440498,0.19869314880694133,0.10091482746032032,0.2117949521961502,0.18266723474836577,0.21321603999019356,0.003483917632431277,0.12517890059392356,0.0650727181044306,0.13710229689771547
Guard-Gen-4B,6,0.17142857142857143,0.10748259199366453,0.1831175418627249,0.18749134171603055,0.09269895581936016,0.1550758700767464,0.14920357651295435,0.17765440090195372,0.047232153076508854,0.08223548309922712,-0.06565141463778335,0.06576801150910838
Guard-Gen-4B,7,0.2,0.11128934791204186,0.20318581395897295,0.17578703631639558,-0.019652632506402368,0.19592193517127798,0.18550367526728684,0.2107179970266243,0.02526559586176702,0.11610305732484394,-0.004998838211069057,0.025059838910940768
Guard-Gen-4B,8,0.22857142857142856,0.07520253157149208,0.19877398719534833,0.19367638203426985,-0.06602741943013668,0.01079056220812602,0.16860669669545658,0.1813070789042246,-0.040602187313640625,0.09826338383587507,-0.07660399345677593,0.083840825042375
Guard-Gen-4B,9,0.2571428571428571,0.05576599299746014,0.17736035163932418,0.15417346372686958,-0.1267409326493496,0.0963444481039768,0.08298255160545287,0.18624717532195623,-0.08568371891104465,0.09258339964669193,-0.09761688304481497,0.07801007453570963
Guard-Gen-4B,10,0.2857142857142857,0.08449320381074947,0.08049182626212725,0.22337935138302456,0.04805661503617209,0.1372230036056571,0.18477757402574524,0.06519392763417198,0.03924359114898335,0.031185335203830156,-0.05546729762830971,0.09084811143626348
Guard-Gen-4B,11,0.3142857142857143,0.11024012692403233,0.20631382947545995,0.2197166629396171,0.036794351989572927,0.12180647264476563,0.17147512351419592,0.1921011414625472,0.049663805059642296,0.12470512344455875,-0.09814735151559861,0.07797211022574457
Guard-Gen-4B,12,0.34285714285714286,0.11186166454163826,0.23349441101526447,0.21178330534787104,-0.006133735191537815,0.09510484787327211,0.06672441702784893,0.2343331927335789,-0.02814176775759325,0.1679443441006453,-0.002276141118314534,0.14578377138553678
Guard-Gen-4B,13,0.37142857142857144,0.08325484806605747,0.22483613804895097,0.2111587403644143,-0.0813752962037555,0.10605833091906802,0.1723056391411656,0.14320092509087157,-0.1241115421411969,0.07333647839247193,-0.06244883800554857,0.16958790505433052
Guard-Gen-4B,14,0.4,0.08501292620320418,0.18784955398779246,0.215925237863124,0.10018635412725363,0.20249091901245253,0.17654483677123478,0.10450371911397205,0.04635898380889958,0.0157897584881308,-0.35775361204578116,0.15823351090515925
Guard-Gen-4B,15,0.42857142857142855,0.09182962052661514,0.25988681425279037,0.24137380386106322,-0.11475418129309833,0.1378307709750336,0.09004419378355111,0.08514525486550573,0.08696928758075739,0.05729272291203735,-0.1117621282635759,0.18626966659232713
Guard-Gen-4B,16,0.45714285714285713,0.0990083549236285,0.24948229450526438,0.2568118359378191,-0.0077866924418252825,0.1854996746963895,0.16400705024538487,0.2296754217744007,-0.0939179606857059,0.046825702683126025,-0.21059828481560872,0.17008450733719993
Guard-Gen-4B,17,0.4857142857142857,0.09503679758588883,0.24227237610618846,0.20769579176794906,-0.03275345324761347,0.17229701948075715,0.16676497599176743,0.04841948561778853,-0.021691467265730235,0.0963167617002646,-0.09653646429943596,0.1675829500071101
Guard-Gen-4B,18,0.5142857142857142,0.07955222697373883,0.2466114071956087,0.2419673067934065,0.011790604235268454,0.06643237304117511,0.045462308851895616,0.2338517442604079,-0.15482472735915231,0.05801242436561305,0.027564681243455125,0.018654147109876784
Guard-Gen-4B,19,0.5428571428571428,0.08908375754455636,0.19076280534660106,0.211804881895287,0.07279469419306506,0.03573293536190225,0.13803065369052836,0.22447137155319286,-0.11161981032434198,0.032321692587689355,0.018846816313189074,0.07769153482867008
Guard-Gen-4B,20,0.5714285714285714,0.05020112960081331,0.2551593996747934,0.22221406675988542,0.1034767260923436,0.15084675945957593,-0.20753129838929563,0.14344342030985713,0.05973134040045236,0.02810836615881529,-0.3661990233741981,0.11276153891606466
Guard-Gen-4B,21,0.6,0.0961551222180957,0.21948179986223648,0.09667789851932451,0.029446886572616404,0.1971101118390175,0.07685040474076144,0.1498468545616518,-0.07105038480728498,0.17082240707049567,-0.06908502249672477,0.161450266319068
Guard-Gen-4B,22,0.6285714285714286,0.02281061615075918,0.1974865545343476,0.20623514047854152,-0.010572856879729198,0.07081224107186002,-0.05869476869225054,0.050609271844613946,-0.008671619738451763,-0.08328427952684825,-0.15188473512082967,0.016071213536541618
Guard-Gen-4B,23,0.6571428571428571,-0.06517683173351412,-0.20066990829452536,0.15092944579054035,-0.22328460278205253,0.05853285433317312,-0.04805475993555075,0.1470517753640006,-0.06968722014508022,-0.07993128723232945,-0.3043024750171235,-0.0823521394159914
Guard-Gen-4B,24,0.6857142857142857,-0.05056514807571731,0.05829998317375984,0.20036684356322398,0.0005641293576641448,0.11591886639987803,-0.09942786511112667,-0.10317798182801297,-0.15057120915741873,-0.1945347660967327,-0.4281822692114985,0.09509278815324607
Guard-Gen-4B,25,0.7142857142857143,-0.07403567393192859,-0.16398867618991586,0.17160955718187176,-0.1359015324747821,0.10784572521657831,-0.05531342601864475,-0.03585554597350771,-0.16554286925125083,-0.10153659044400887,-0.3721697139684259,0.010496332603013414
Guard-Gen-4B,26,0.7428571428571429,-0.07817962166212125,0.15858161121972136,0.16699535891793327,-0.3999950597038604,0.09330375754092024,-0.030660959657412334,0.1141398133580519,-0.23711909912860607,-0.13520165238707427,-0.442137729490369,-0.06970225729029389
Guard-Gen-4B,27,0.7714285714285715,-0.2533607718608922,-0.0674301850388459,-0.008920990062325718,-0.30132264417356547,-0.11932235235494715,-0.12350195299871092,0.058694548973777017,-0.4712521473408364,-0.2912133187849584,-0.9300968971156323,-0.27924177971260744
Guard-Gen-4B,28,0.8,-0.2683821412507029,-0.14038519370643088,0.16634182224855887,-0.19970797757064784,-0.678129514546497,-0.13231777375921427,-0.08569280747926866,-0.7202959038043815,0.014449778651929202,-0.7170696216792407,-0.1910142208615624
Guard-Gen-4B,29,0.8285714285714286,-0.4365359533773335,0.07525765513990568,-0.23668302939144192,-0.4481488198203898,-0.0046590502783689924,-0.5006784286169668,-0.24648745087133972,-1.2222653832432981,-0.41046140087656613,-1.1679974672924072,-0.20323615852218802
Guard-Gen-4B,30,0.8571428571428571,-0.33443605598207055,-0.0902032495419991,-0.1600816940794536,-0.3741606092317442,-0.2599466001932509,-0.44995800272095243,0.0650453332213059,-0.6595840696892092,-0.753525135061134,-0.5839398289106579,-0.07800670361339956
Guard-Gen-4B,31,0.8857142857142857,-0.42838516698389106,-0.1542321951910952,-0.09615605936909799,-0.8624665395231037,-0.7080789598784212,-0.4875181782591871,-0.28464497973380265,-0.5590119980217332,-0.3425617430445327,-0.3472187392180761,-0.4419622775995298
Guard-Gen-4B,32,0.9142857142857143,-0.8560088210601773,-0.1796288721030901,-0.48708250215452376,-0.8966217281354218,-0.8588266273724583,-0.9547272694472155,-1.4829979639743605,-0.5415354070426803,-0.434434001049651,-1.4479444911521413,-1.2762893481697897
Guard-Gen-4B,33,0.9428571428571428,-0.891853667977309,-0.022888858447126292,-0.2185921255108585,-0.8502750201593645,-0.25707479697816726,-0.4676669213549498,-0.6493374206680333,-0.7362871929124513,-1.0910348525166063,-1.8593416212905902,-2.766037869934595
Guard-Gen-4B,34,0.9714285714285714,-0.9400131489558341,-0.7426779036708047,-0.2227266280273259,-1.1737315207200667,-1.2275411541957642,-0.7296290656706383,-0.983825009494937,-0.9883825600971514,-0.8338081046395442,-1.2047218181654649,-1.2930877248763162
Guard-Gen-4B,35,1.0,-3.5873453347041613,-1.9177403237111057,-1.7605728810745407,-4.128526242629466,-3.0648073397389375,-3.020720186045841,-3.8315686726353926,-4.766940217463485,-4.491415950153424,-4.621438961789505,-4.269722571798987
Guard-Gen-8B,0,0.0,0.1607354560412583,0.2017358922815592,0.1947730093960861,0.10254368082982834,0.20612991858915708,0.17114556809765358,0.22402483093441694,0.10991609340043929,0.15634983040237027,0.09129580951373484,0.1494399269675123
Guard-Gen-8B,1,0.02857142857142857,0.15595079806886447,0.2009288541033123,0.2042970901447514,0.10772210155505224,0.1861639529815824,0.1848872719428949,0.21210552238166147,0.09563066047745172,0.1428658747588346,0.08798663561519215,0.13692001672809018
Guard-Gen-8B,2,0.05714285714285714,0.15565808354765637,0.1986874252991827,0.21143933825085592,0.10224402611672212,0.20194377628992943,0.1767098559894823,0.2099312978066401,0.11101143806900171,0.12980614377542543,0.07322513009876608,0.1415824037807375
Guard-Gen-8B,3,0.08571428571428572,0.15489776689749718,0.21116004815998946,0.1977301544301696,0.08485739689949989,0.19110568254626492,0.18123759406018547,0.21909475299614145,0.1015993402978933,0.13729138791744855,0.07545160976121412,0.14944970190634999
Guard-Gen-8B,4,0.11428571428571428,0.14941707796537268,0.19707113575332613,0.19696474701646272,0.10083764532558726,0.20745913744982314,0.17017712571995003,0.22616350465209178,0.09933096229778071,0.11995881604626046,0.04985413843795261,0.12635356695467004
Guard-Gen-8B,5,0.14285714285714285,0.12999791091619234,0.1854030040543253,0.21505551918690247,0.06341069805433686,0.17770732140170664,0.1811092731914925,0.2081627524060481,0.020263322938049444,0.0906400669813785,0.06685649667549742,0.09137065427237279
Guard-Gen-8B,6,0.17142857142857143,0.1119425083995,0.21194283196580022,0.21271628115954455,0.07202145222239353,0.16627991804317155,0.17902680467465681,0.22174571429435097,0.06686910051316486,-0.03498992443793569,-0.016238832447491358,0.0400517380075428
Guard-Gen-8B,7,0.2,0.09466079341141502,0.17686271885726323,0.16674602375511316,0.019685960331415786,0.17199341445056882,0.16735726341990353,0.1976377169758644,0.0433419075282554,0.1149177595771873,-0.156631168984934,0.04469633820371577
Guard-Gen-8B,8,0.22857142857142856,0.031759582369693694,0.17900240917876042,0.12620203611786984,-0.21736092225518022,0.12045161588127373,0.09916084620486365,0.1704389876535103,-0.2481757903814128,0.09567482574419228,-0.03643923892827372,0.02864105448150356
Guard-Gen-8B,9,0.2571428571428571,0.05133192029026821,0.16123430100289615,0.1810935928136631,-0.11455225315763173,0.1024398786963655,0.16368889627488503,0.1356029031638616,-0.03836708270596256,-0.007637524831219267,-0.1642999476560898,0.0941164393019962
Guard-Gen-8B,10,0.2857142857142857,0.09676265583100449,0.1960660771846452,0.19005220447755067,0.028149789350671917,0.15725031123807287,0.055064108939904766,0.15809042006583662,0.042059009770042954,0.11887480078648938,-0.06519913029387703,0.08721896679084751
Guard-Gen-8B,11,0.3142857142857143,0.03957741746890222,0.2148388939091075,0.21764289210594812,-0.09145414598693824,0.02653474677919665,0.12085647381746145,0.18969681259437332,-0.22001916872888327,-0.014621704831735638,-0.13945242929763402,0.09175180432825858
Guard-Gen-8B,12,0.34285714285714286,0.04044012465357823,0.2007478343077156,0.1809017680050684,-0.08853879459923264,0.04456134684331514,0.11387332697863939,0.1042326290679908,-0.12209654047347507,-0.028533501898468705,-0.05948753285236763,0.05874071115676549
Guard-Gen-8B,13,0.37142857142857144,0.05018627863839198,0.1898864310469528,0.16093896378892858,-0.1366088455391612,0.09078908793146079,0.06345393508220432,0.19765179219956153,-0.067016603533113,0.10445074218427819,-0.21477320592206794,0.11309048914509068
Guard-Gen-8B,14,0.4,0.06726914801058115,0.15606377603832422,0.2306589307266006,0.03892761289568347,0.15064411083509355,-0.054145924579291904,0.18946826113536996,-0.11751166067842034,-0.021742283090931513,-0.04122607311668092,0.1415547299402643
Guard-Gen-8B,15,0.42857142857142855,0.040466138848150215,0.1723790574419244,0.11120608166787804,-0.07427361101701635,0.15002126673737648,-0.025778739755982993,0.09070869253905234,-0.023928136357440177,-0.00795612025716741,-0.11024042524744404,0.12252332273049693
Guard-Gen-8B,16,0.45714285714285713,0.0013375528724314024,0.19223580755729253,0.210273179041371,-0.015514082601682189,0.05498011980095041,0.04472098474302488,0.17603168302640293,-0.20422102155279975,-0.04727499849173289,-0.40581308407584427,0.007956941277573182
Guard-Gen-8B,17,0.4857142857142857,0.026984530533533425,0.16588431006045767,0.20258160620464494,-0.022044995118944755,0.11823425626438844,-0.058989028458793724,0.04628048791412098,-0.09733549770525407,-0.08979927780413655,-0.09993235347719498,0.10496579745621393
Guard-Gen-8B,18,0.5142857142857142,0.016608226063142984,0.14904061738595453,0.15393953741681354,-0.18521615716148432,0.08081926637396697,-0.003895028937871192,0.11639389937387412,-0.02623499738255486,0.09043611400763996,-0.037542549716830464,-0.17165844072782854
Guard-Gen-8B,19,0.5428571428571428,-0.024689196877466436,0.08681349306001884,0.17194604117412915,0.0329324201177148,-0.192708301748036,-0.023695197770879695,0.04918402510393993,-0.40598155574294004,0.0259370315399875,-0.06491203904741827,0.07359211453902215
Guard-Gen-8B,20,0.5714285714285714,-0.00202159187476002,0.12473645410012113,0.1999869561868446,0.014623115513021312,-0.2813969350583727,-0.02713802410833277,0.11417740215504069,-0.2992427732056433,0.049377352425091,-0.026010024793325037,0.1106705580381393
Guard-Gen-8B,21,0.6,-0.023517426849092315,0.08332591973000913,0.13858359004354803,-0.033987676981632076,0.08319888230309891,-0.1154932373953339,0.09157640526759014,-0.179378953840315,-0.06321572754506288,-0.3337409800726978,0.09395751000007857
Guard-Gen-8B,22,0.6285714285714286,-0.06466239441088559,0.14959724235261818,0.15728462195870563,-0.071425433955292,0.0434219100103741,0.06252833877841035,-0.1349625305066613,-0.10934009112857934,0.040475195543998144,-0.6667164479041061,-0.11748674925810065
Guard-Gen-8B,23,0.6571428571428571,-0.3308120298821951,-0.011721296774912071,0.08452794332775804,-0.8850244773522173,0.021006814216393055,-0.3039570481586542,-0.14972766281559968,-1.0605243722408089,-0.23632352631921694,-0.6190719349321088,-0.14730473777246011
Guard-Gen-8B,24,0.6857142857142857,-0.3076141126665509,-0.004401956457586564,0.05171134310447789,-1.1513177255634686,-0.16949753695931213,-0.07131293820976436,-0.4160811959148645,-0.25811816554122746,-0.17879412072133016,-0.6195281304070108,-0.2588006999950756
Guard-Gen-8B,25,0.7142857142857143,-0.4745201617200544,-0.3792306439949076,-0.27261048938730914,-1.1542739835825175,-0.26915088792393815,-0.3759832925292379,-0.08413812678624577,-0.9678349521815979,-0.44384998686258714,-0.5476380286388198,-0.25049122531305357
Guard-Gen-8B,26,0.7428571428571429,-0.5069134382743118,-0.07842061649183218,-0.013419742183947037,-0.3156697551207426,-0.13663727929651892,-0.6273592702034705,-0.6222966232188549,-1.2745890415934524,-0.7664294054445171,-0.4929003223815136,-0.7414123268081447
Guard-Gen-8B,27,0.7714285714285715,-0.5462307848817632,-0.2811611749782339,-0.3596327664097356,-0.8257443060801224,-0.5953009847277857,-0.2568840096198779,-0.4836174662738566,-0.6205648760210603,-0.5675156662864722,-0.8321449958768097,-0.6397416025433107
Guard-Gen-8B,28,0.8,-0.8631375635513472,-0.1925601498583165,-0.21156945540273053,-1.0091548812798763,-0.7034295221791698,-0.5185127883118701,-0.38486959989866354,-1.4741840744548544,-2.2711581297053334,-0.9964909262113741,-0.8694461082109972
Guard-Gen-8B,29,0.8285714285714286,-0.9685562344425422,-0.33961812652314904,-0.5048952204043533,-0.9388409839972593,-1.246557576069264,-0.7275273513421312,-0.6027098463468636,-2.302771436467524,-1.317772842910761,-1.094583900556514,-0.6102850598073122
Guard-Gen-8B,30,0.8571428571428571,-1.5334486945111787,-0.7963797163082296,-1.1954416164469381,-1.0338998330805476,-1.5665758119639634,-1.7562072403740636,-1.2770014474672045,-1.1051808535636174,-2.450517554046927,-1.9619813647617859,-2.1913015070981525
Guard-Gen-8B,31,0.8857142857142857,-1.2395772476332967,-0.4618760552782819,-1.0667930127811642,-1.0855054607866879,-1.1356971394297886,-1.488219343201144,-1.6757140634289556,-1.7044347990865014,-1.4494029298443962,-1.3694655607278157,-0.9586641117679138
Guard-Gen-8B,32,0.9142857142857143,-1.9906496971506766,-0.5512375623327721,-0.8581364387322772,-1.9687220567982124,-1.813878720017259,-1.3619815331286942,-2.7188090462504557,-3.197325040649786,-2.437999751965245,-2.2265242130408147,-2.77188260859054
Guard-Gen-8B,33,0.9428571428571428,-2.7374582747971945,-2.0712109833279007,-1.414668991859236,-3.3932020087162895,-2.5841885115129357,-2.1986413570858363,-2.5158946238890914,-3.00811583333666,-3.3033510899225433,-4.809688069251748,-2.075621279068994
Guard-Gen-8B,34,0.9714285714285714,-3.6590267548559097,-3.3698153362321523,-2.66516641782756,-4.650952110812204,-2.654305918180533,-3.4385337946542327,-2.590015279264381,-5.581725208979732,-3.2673873581497404,-5.638099838497266,-2.734266285960662
Guard-Gen-8B,35,1.0,-9.560777802530811,-5.72105219932833,-4.340546642247805,-12.077744472299345,-10.801458754344301,-9.1774468031188,-8.10467330816913,-11.34295363009942,-9.454446622099425,-15.78818301658201,-8.799272577017861
Llama-3.1-8B,0,0.0,0.18630938274511302,0.222476308258169,0.2215887097716519,0.13601658042829268,0.23937885697511097,0.1901345154025318,0.24588540728391817,0.13444077092581408,0.1766063791302862,0.11633958367806208,0.18022671559746395
Llama-3.1-8B,1,0.03225806451612903,0.19021459698170312,0.2351836166333059,0.22513995167171486,0.13251210607997055,0.24634562618260947,0.20587658347256332,0.2510457563015077,0.1322776108112469,0.16749738295172312,0.12074227285515071,0.18552506285740233
Llama-3.1-8B,2,0.06451612903225806,0.20857955588015864,0.261327493667601,0.2510600274251048,0.15252393851015122,0.2594533936300829,0.23597169769351867,0.2622989098123193,0.13566572984953174,0.19005377272948043,0.13115934286388398,0.20628125262007557
Llama-3.1-8B,3,0.0967741935483871,0.21848536175388727,0.27222156672016706,0.26382666683638867,0.16889275853295593,0.2550364551007618,0.2523342869290299,0.2755061355753794,0.1455253142024543,0.20256011213917824,0.13089163280046345,0.2180586887022642
Llama-3.1-8B,4,0.12903225806451613,0.22688827260428307,0.2816088292875849,0.27519608997875855,0.18008140717522103,0.25097120774999404,0.2621858381780785,0.28404582750214,0.1539401019057396,0.20384259207092936,0.1453516438004696,0.2316591883940775
Llama-3.1-8B,5,0.16129032258064516,0.23794441454641083,0.2954544306997875,0.29251766680114455,0.19277417608772796,0.2676313185015936,0.2690421744213386,0.2934996948429621,0.16965538541994252,0.20547971172282053,0.153577615709809,0.23981197125714493
Llama-3.1-8B,6,0.1935483870967742,0.24083297133844156,0.29202635775104535,0.290368965502792,0.1919821710227525,0.26943738246651117,0.26777797729943575,0.29336402764528013,0.17332354808033523,0.21719253421654716,0.1546790439653447,0.2581777054345241
Llama-3.1-8B,7,0.22580645161290322,0.24478050846899033,0.30014726659547397,0.3065449171641368,0.19953473945015643,0.2591216250398978,0.27441878665107633,0.301065597753603,0.1729350115300362,0.22321092835328105,0.14660690450781455,0.26421930764458357
Llama-3.1-8B,8,0.25806451612903225,0.24515544732988825,0.30764892540672373,0.3039051423646707,0.1958944003830112,0.25851193131741323,0.2716592481009601,0.30636027062330473,0.1777205580601755,0.21727799293320227,0.15398533962787808,0.2585906644816971
Llama-3.1-8B,9,0.2903225806451613,0.24909485429781056,0.3021954970080841,0.311503421909059,0.19466477410247662,0.2747312823431436,0.27447145344012647,0.30969970434888383,0.1792837428584626,0.22610458299214498,0.16005810234462536,0.25823598163125105
Llama-3.1-8B,10,0.3225806451612903,0.25363778091540434,0.3078375901303837,0.3104550924361582,0.2083625352489179,0.27824590105027436,0.2753216181135165,0.3137747714918825,0.18037808110177433,0.22226667593780336,0.1714061533904636,0.26832939025302127
Llama-3.1-8B,11,0.3548387096774194,0.24874813406219606,0.31221503031581765,0.3079869559256777,0.1639335011951495,0.27813500360350185,0.2765345512393971,0.3100952461034422,0.18112103388702605,0.22855349864019658,0.16230151760645195,0.26660500210546223
Llama-3.1-8B,12,0.3870967741935484,0.2592330700071881,0.3195521655901836,0.3194636827618291,0.20616846123128962,0.2804445184116655,0.2870089745380935,0.31301353584147706,0.1744494205042112,0.23297678701051605,0.1797566641682221,0.27949649001454746
Llama-3.1-8B,13,0.41935483870967744,0.2598451047991855,0.3154007701246525,0.3209095204086234,0.2090184258103801,0.2890572439297221,0.29244091277387263,0.31107552175981956,0.16839714129299987,0.23220922663350319,0.17859271980019253,0.2813495654582374
Llama-3.1-8B,14,0.45161290322580644,0.25692043280643895,0.32049765627697013,0.32216611043431476,0.1999726969369282,0.272783040459769,0.28284013544164566,0.3048138097937583,0.17341798459323943,0.2390409501541193,0.1741527442409525,0.27951919973284156
Llama-3.1-8B,15,0.4838709677419355,0.2564760427204135,0.31211456042383023,0.32239234982251164,0.1886825928642356,0.2845973907537107,0.2869095703656722,0.3068841051811436,0.17388118141332953,0.24700370682408335,0.15764877045084558,0.28464619910492206
Llama-3.1-8B,16,0.5161290322580645,0.2486406971859699,0.30878800726119915,0.3155827472144793,0.20310288354051131,0.2685132000394046,0.27060799902462307,0.3054658638158031,0.16852878934887228,0.23954762568616017,0.1346010264499351,0.27166882947886506
Llama-3.1-8B,17,0.5483870967741935,0.2445945325648453,0.3040771449099924,0.3114774099798262,0.18094657931889335,0.25916415403427395,0.2703033813867056,0.3088832559148821,0.16735839790369988,0.23543830733250948,0.13560105436448322,0.2726956405033505
Llama-3.1-8B,18,0.5806451612903226,0.245728209464,0.3001130100548648,0.3125087215086598,0.19869834778397255,0.2636968149618243,0.26430704702550134,0.30630528859659967,0.1662844775486496,0.23236449604438303,0.1370083721874722,0.2759955189282305
Llama-3.1-8B,19,0.6129032258064516,0.23859350104395713,0.3018156147368636,0.3069047645736104,0.17734045676869525,0.24257736460896395,0.2577168916734781,0.2976721573515825,0.16517462051438858,0.2216578931320422,0.13488137721098514,0.28019386986912465
Llama-3.1-8B,20,0.6451612903225806,0.23743194867660772,0.3009931776589282,0.29531186309309243,0.1835247012713157,0.25794949388374944,0.2479971316961629,0.3045052484198514,0.15835064067019178,0.2218046300940526,0.13074353385640236,0.2731390661224893
Llama-3.1-8B,21,0.6774193548387096,0.23363135789643658,0.3021024046080075,0.3043100655621137,0.19041084972809352,0.25267389298105847,0.24153355657231157,0.3017151142923886,0.15155304989697038,0.22103644998863226,0.10751648678407555,0.26346170855087003
Llama-3.1-8B,22,0.7096774193548387,0.22477472211625377,0.2873536476362365,0.2965291310112683,0.1867062347286721,0.2474988597744806,0.24379804522207704,0.2879067836467606,0.13126030267562327,0.21197902437354854,0.10750796051541822,0.24720723157860025
Llama-3.1-8B,23,0.7419354838709677,0.22264037426292593,0.28237264140926943,0.2901915430416857,0.18702186498281193,0.23022774275553004,0.2341983399796007,0.2860470417584794,0.139724847939391,0.21956934945891327,0.09991993327756787,0.257130438026166
Llama-3.1-8B,24,0.7741935483870968,0.21729453979413157,0.27664065620064915,0.2958268794350194,0.16031748217926278,0.22167140447601041,0.2280594053213172,0.27697838804500907,0.13306798277862997,0.2171318051159844,0.11446710222236789,0.24878429216722764
Llama-3.1-8B,25,0.8064516129032258,0.20977955582924218,0.2650627506570187,0.29082599446479707,0.15553687091722757,0.22229763748818,0.21252825284414356,0.27275719233022355,0.12552288399652456,0.20637675365987773,0.1017509145412333,0.24513630739335612
Llama-3.1-8B,26,0.8387096774193549,0.19146441023742017,0.2561424659450363,0.2644670110743892,0.15788153066807842,0.2077585599658348,0.2204010624458631,0.26480554730207007,0.12035673163790517,0.20580719816200876,0.007381802379448743,0.2096421927937402
Llama-3.1-8B,27,0.8709677419354839,0.16854602258551568,0.24444982383218028,0.289230020702692,0.10877550491040366,0.21336134666865103,0.22731513162015637,0.25849671013080167,0.06742223710313655,0.19022343277379417,-0.13818235774892318,0.22436837586242797
Llama-3.1-8B,28,0.9032258064516129,0.20279636640810397,0.272153581018195,0.27982250791403407,0.15036769250975557,0.2042845060877001,0.2123742193677266,0.27243874145618974,0.12541650557429784,0.19626030192985844,0.09538244681653685,0.21946316140690814
Llama-3.1-8B,29,0.9354838709677419,0.20010336074906626,0.2678498276828609,0.28316624733926066,0.1467398583181594,0.2242051937327746,0.20849429644835693,0.2670809276290578,0.10558552354134554,0.18478620086448438,0.09047024206189269,0.2226552898726274
Llama-3.1-8B,30,0.967741935483871,0.1868572354084598,0.244770491987243,0.26895839211827965,0.1298910110589565,0.20295909221407193,0.18994469932678026,0.24976105367815904,0.10038715257648156,0.18819000682329734,0.07738844531201161,0.21632200898948684
Llama-3.1-8B,31,1.0,0.17260102743193556,0.25608300254747773,0.25490680635518503,0.12925416560595882,0.19968678902950499,0.18115147403568455,0.23072041215217365,0.07775615316575835,0.14350324683004034,0.06464438189757749,0.1883038427001712
Llama-3.1-8B-Instruct,0,0.0,0.18592023095125415,0.2177907950205803,0.2256484906108841,0.13361292903458255,0.24349203151611454,0.19134083858597695,0.24362609342909092,0.13444259294055227,0.17406893791972256,0.11756663361296249,0.17761296684224592
Llama-3.1-8B-Instruct,1,0.03225806451612903,0.1927927449283217,0.2372021790747768,0.22876819469178833,0.12975089282659202,0.2500483151500035,0.208251064372591,0.2521712140057777,0.130561301347496,0.17402832526182554,0.12418657245773645,0.19295939009479224
Llama-3.1-8B-Instruct,2,0.06451612903225806,0.20995417684468315,0.2649471745027625,0.25763046809920553,0.14917991898999738,0.2612598012798095,0.23421695272107257,0.26121935450376654,0.1401363102989005,0.1897820543695975,0.13265474396515142,0.20851498971673466
Llama-3.1-8B-Instruct,3,0.0967741935483871,0.22013472834003767,0.27778801771637696,0.26547455961369726,0.17724212147762952,0.2603646556928614,0.25548893640567627,0.27079706102347745,0.14406066423336295,0.20018779954309318,0.13481068614454716,0.2151327815498194
Llama-3.1-8B-Instruct,4,0.12903225806451613,0.2285392581876667,0.2880651799688402,0.2779863479555267,0.17499475773173556,0.2541412158924373,0.2639876195611299,0.2899000016086166,0.15160171884830276,0.20666675662617262,0.1438606890775811,0.23418829460648993
Llama-3.1-8B-Instruct,5,0.16129032258064516,0.24180190180020408,0.30396436312527475,0.29387293985252316,0.19438992600297644,0.2637633632658951,0.2701735103498035,0.30076398912423175,0.16717322736066176,0.21597811395082356,0.15740819048519938,0.2505313944848069
Llama-3.1-8B-Instruct,6,0.1935483870967742,0.24651598886729492,0.30447668313847587,0.3103471749091854,0.18604499843955546,0.27195448848881154,0.2772612131290976,0.29839213283694754,0.1708568460027764,0.22406771632233935,0.15714374166035328,0.2646148937455616
Llama-3.1-8B-Instruct,7,0.22580645161290322,0.2540134882554455,0.3148815230468842,0.3200794522491497,0.20201581743153596,0.2687076331371686,0.27915431100756316,0.3114812527500239,0.1712713260303632,0.231007977513482,0.16140956790933914,0.28012602147910415
Llama-3.1-8B-Instruct,8,0.25806451612903225,0.25360348055725135,0.30432942936024865,0.31859477003590764,0.20035709049551464,0.2724900369725112,0.28036960804200717,0.3163621470489515,0.1710670852001418,0.2339419759470418,0.16141760332316357,0.27710505914717143
Llama-3.1-8B-Instruct,9,0.2903225806451613,0.251750514951566,0.2913506410691914,0.31652022364859933,0.20405236055155784,0.28162921596191537,0.2747732463043526,0.31725236858301986,0.1515723734965294,0.2383261101188946,0.17425916322188162,0.26776944655986645
Llama-3.1-8B-Instruct,10,0.3225806451612903,0.26148420446808684,0.31687787680666657,0.32062410533106644,0.20247408310339787,0.2934950551062765,0.28217762200047025,0.32189068750140726,0.17049355233898655,0.23990649625417526,0.18286832468998349,0.28403424154858425
Llama-3.1-8B-Instruct,11,0.3548387096774194,0.26351405237661324,0.32781430154731495,0.32991484057410414,0.20040031539915903,0.2861100454397616,0.2829186011982099,0.32854416968778644,0.17796992251850718,0.23667996355840482,0.17787744597691124,0.28691091786613243
Llama-3.1-8B-Instruct,12,0.3870967741935484,0.26284544798283627,0.33149054572241543,0.3376989612669672,0.2077033880171787,0.28918529863397924,0.2872344783725028,0.3152602915958297,0.16924203455749476,0.22613520156699884,0.18193009059052045,0.2825741895046291
Llama-3.1-8B-Instruct,13,0.41935483870967744,0.2634708686244356,0.33557768160609325,0.3350439153113901,0.20129247399999872,0.2883964770724149,0.2938527881738838,0.3217541265856726,0.16500665922877555,0.24001779087222175,0.16969628679120918,0.2840704866028526
Llama-3.1-8B-Instruct,14,0.45161290322580644,0.2589591952615673,0.3338024809835426,0.32755093624397524,0.20704609280744446,0.26813361870502495,0.2851892808354297,0.30605309423137306,0.16860960702954553,0.23843565560220648,0.16805098360229476,0.2867202025749903
Llama-3.1-8B-Instruct,15,0.4838709677419355,0.2630727371618978,0.31658871055177795,0.33365070404845487,0.1990659455677083,0.2804715812314871,0.28806650595667704,0.31799692231447996,0.18069309695286806,0.25056736375113375,0.1710500126629788,0.2925765285815618
Llama-3.1-8B-Instruct,16,0.5161290322580645,0.26176059864069573,0.32274989542024124,0.33360251702676036,0.2042781912030922,0.28131157212014346,0.2784453958231987,0.31010212256852576,0.17554508366057098,0.2534064079405325,0.1701849553938216,0.2879798452502166
Llama-3.1-8B-Instruct,17,0.5483870967741935,0.25802389082655697,0.3232603250654469,0.3217780162781795,0.1922479723933358,0.2755050115423008,0.2810200200166435,0.31899630408186863,0.16966623581931228,0.2435904025982163,0.17631308581922056,0.2778615346511999
Llama-3.1-8B-Instruct,18,0.5806451612903226,0.2548860038884375,0.3151421050215395,0.32692426562334054,0.20313278606185659,0.2727920569137836,0.2740812460176335,0.3091853220654157,0.16534003104360717,0.23839727428481372,0.1642056292545142,0.2796593225980185
Llama-3.1-8B-Instruct,19,0.6129032258064516,0.25069784576134935,0.3250419393822742,0.32413056352607883,0.18315697325316582,0.27269216372700633,0.24185874299808385,0.31480454479066233,0.16214135989162692,0.23387963501999054,0.15891600663237326,0.2903565283923838
Llama-3.1-8B-Instruct,20,0.6451612903225806,0.2503613359125294,0.3293478345397338,0.31503943257900957,0.19416686981468378,0.24816632765190616,0.25598146548513656,0.3157111486874572,0.16021126276113873,0.23448813349529796,0.1645787339887902,0.2859221501222874
Llama-3.1-8B-Instruct,21,0.6774193548387096,0.2480342684544528,0.31572928637188846,0.3220814768224485,0.20400145955143778,0.2607934848457485,0.2547393433103675,0.3094658911915189,0.15849391716282846,0.22661897470411618,0.1474140318347228,0.28100481874958894
Llama-3.1-8B-Instruct,22,0.7096774193548387,0.24399192030517686,0.3137429372962707,0.3077416116445514,0.20470498796196113,0.2586881838184485,0.2531524335258877,0.3095218634379634,0.14576236995713576,0.2264748370994062,0.15257653474955435,0.2675534435607365
Llama-3.1-8B-Instruct,23,0.7419354838709677,0.23887575390364923,0.30523145550490194,0.30708607435865753,0.19144472281138525,0.23873175425928772,0.2544845280703646,0.30112006361799004,0.14879051384487718,0.23482118870754753,0.14420378494248653,0.26284345291914646
Llama-3.1-8B-Instruct,24,0.7741935483870968,0.24196267843100272,0.30486102556142336,0.3172617021032873,0.19740455477519248,0.237576739642122,0.25308353730741084,0.3016316478168316,0.1578138735083331,0.2314819284996662,0.1502856503092277,0.2682261247866925
Llama-3.1-8B-Instruct,25,0.8064516129032258,0.2367739328022546,0.30418011942410683,0.315321510863937,0.18788027598801893,0.23516843993550507,0.24191990417214437,0.3042104244151529,0.1387765584312579,0.2259195678132534,0.14248882126786444,0.27187370571145286
Llama-3.1-8B-Instruct,26,0.8387096774193549,0.2338775982247383,0.2963551377261435,0.30976272778465075,0.18416737088296853,0.23748227166932734,0.24519845086735126,0.2934400217318306,0.1435532333144235,0.21482310721900533,0.15193538757884095,0.2620582734729887
Llama-3.1-8B-Instruct,27,0.8709677419354839,0.22680617602299336,0.2885596913843307,0.3019444620035917,0.17014853508290217,0.23341620674008734,0.24020818823862267,0.28806740610822357,0.1412628054170989,0.22306966544471263,0.13210168005766765,0.24928311975287265
Llama-3.1-8B-Instruct,28,0.9032258064516129,0.2001941177522697,0.25988111412815107,0.24514404748095964,0.13199021962535817,0.18034375461758212,0.23145445567619904,0.2848187533545251,0.1310826361187023,0.1948635819535418,0.11115613083360565,0.2312064837342408
Llama-3.1-8B-Instruct,29,0.9354838709677419,0.2221541553800514,0.2963109760242999,0.3027159522704771,0.17518589437145693,0.2171143569118814,0.21904879755080542,0.2900937361116289,0.1290390704133142,0.2102478096997955,0.1291805748064928,0.2526043856405229
Llama-3.1-8B-Instruct,30,0.967741935483871,0.2036711832373561,0.2830931608309869,0.294798188032403,0.1601877139929413,0.21185987936926998,0.17750907806578808,0.2723786190461778,0.12675788203340954,0.19417910032574615,0.09670030898464266,0.21924790169236696
Llama-3.1-8B-Instruct,31,1.0,0.19621921878486864,0.2761413044528922,0.27438209802661084,0.13052249309095776,0.21515482524140872,0.21424331485879888,0.2751214984465167,0.11055227884064678,0.17133889771485455,0.08512278595730782,0.20961269121885817
Llama-4-Scout-17B-16E,0,0.0,0.16409475390582456,0.1955898296655425,0.20444310294076662,0.1363209360562585,0.22145646471282343,0.15634264656077168,0.21804246192680066,0.11722558623468116,0.15015797672591347,0.09208110892394561,0.14928742531091688
Llama-4-Scout-17B-16E,1,0.02127659574468085,0.168581651616773,0.2027696794837286,0.2043179857266304,0.13777241530805073,0.23044504979229674,0.16450664417335426,0.22018662760355012,0.12263794484163282,0.15309087375294161,0.0938677286507349,0.15622156683498278
Llama-4-Scout-17B-16E,2,0.0425531914893617,0.1732336470244335,0.2054966403347045,0.21729613664019565,0.13993965065017755,0.23406368119185084,0.16949675045190282,0.22439605702052723,0.11438602567350031,0.15984913180729232,0.09985786570376409,0.16755453077059113
Llama-4-Scout-17B-16E,3,0.06382978723404255,0.1784911068046364,0.20729839443983555,0.21789501387744203,0.14168072268803245,0.23751706663815875,0.1775939754753365,0.22958821958424291,0.12227828120360007,0.164413410822145,0.11296600440937643,0.17367997890836917
Llama-4-Scout-17B-16E,4,0.0851063829787234,0.1756141145897781,0.21205855489261938,0.21292369237195707,0.12878011678795498,0.2435207625410606,0.18235038199997422,0.2286082539879195,0.10342632702611887,0.16185908757687484,0.11196226226856443,0.17065170644490135
Llama-4-Scout-17B-16E,5,0.10638297872340426,0.18285867385586685,0.2256035362663693,0.2255635211309579,0.13592757675492317,0.24624390250798356,0.19733752473620647,0.2275189597910141,0.1223951242943524,0.15271625944134315,0.11975416029835284,0.17552617333734133
Llama-4-Scout-17B-16E,6,0.1276595744680851,0.19643557495348074,0.23285215526895575,0.24465358704913265,0.1511803030526515,0.2538102255363116,0.22609883348203097,0.24055792447950963,0.1284495765787783,0.175367963039872,0.1202146060017214,0.19117057504600765
Llama-4-Scout-17B-16E,7,0.14893617021276595,0.18846553341165379,0.2398345838860214,0.2236360797548933,0.14907754703728526,0.2381709318931654,0.19694394321601139,0.2411337522621545,0.13938420808295804,0.14171139666793098,0.11886988015960542,0.19589301115667557
Llama-4-Scout-17B-16E,8,0.1702127659574468,0.20862863838301618,0.25773293073903936,0.25849212646301356,0.1667385957854679,0.25281151206293306,0.23476461046609742,0.2468867720440575,0.1496017143029249,0.1845074758609656,0.13081191127003255,0.20393873483580005
Llama-4-Scout-17B-16E,9,0.19148936170212766,0.20512307135126165,0.24984497979591058,0.24633819766437992,0.1550358561389773,0.250867801333191,0.24064271893255984,0.24649357132522565,0.14923377177927155,0.1863952794523911,0.11783112070207546,0.20854741638880392
Llama-4-Scout-17B-16E,10,0.2127659574468085,0.20774200875816912,0.26223051499470496,0.25744850542113673,0.142704570430767,0.24923113057998292,0.24666238453990352,0.24462737150897007,0.15530274289169188,0.19515942653286267,0.12307875069716123,0.20097468998466628
Llama-4-Scout-17B-16E,11,0.23404255319148937,0.20124117333734115,0.2643794779928206,0.2570506852707348,0.1418720484503937,0.24003502290253265,0.23518814359131957,0.26230251811714755,0.11876699371697508,0.18405179024495721,0.11692144531955573,0.19184360776713638
Llama-4-Scout-17B-16E,12,0.2553191489361702,0.1942498309063923,0.2654279843071039,0.25535054328329365,0.10120693239386169,0.22998541496635805,0.22652687100110314,0.25351418814446247,0.12717641755889741,0.18092908369062266,0.11113202994883353,0.19124884376956486
Llama-4-Scout-17B-16E,13,0.2765957446808511,0.20785760946272794,0.271158813291008,0.26475899216747334,0.15556535342772337,0.24349170714207813,0.2346599742760701,0.2518389836609416,0.13111648221650973,0.19173976585888675,0.12495399210916347,0.20929203047758105
Llama-4-Scout-17B-16E,14,0.2978723404255319,0.20545479670935288,0.2804857293551146,0.2709773865944902,0.14056701765447555,0.25593470993710954,0.22983952036152377,0.2575657557244221,0.12181110426829744,0.18864953535643636,0.10787763085370206,0.20083957698814137
Llama-4-Scout-17B-16E,15,0.3191489361702128,0.18293730860074314,0.25922034662435745,0.2710123473296353,0.09450561216580333,0.21712764081593094,0.18137553844786325,0.2542842238885531,0.11176393866445733,0.12516260832886505,0.10573717979345065,0.20918364994867444
Llama-4-Scout-17B-16E,16,0.3404255319148936,0.19991219121992568,0.26896061643337676,0.28765103459481833,0.1324236403668958,0.22143667579543658,0.2352734900824941,0.25730760062455094,0.11878839168920463,0.17420484362928756,0.09061329850951616,0.2124623204738293
Llama-4-Scout-17B-16E,17,0.3617021276595745,0.20279331936475037,0.27594723344015915,0.2458926093179089,0.15572445174877836,0.2422118039730401,0.22130023885345984,0.2637905644984634,0.1348562406568281,0.15092351846421426,0.11786834088465403,0.21941819181014877
Llama-4-Scout-17B-16E,18,0.3829787234042553,0.20508407496312514,0.2861412032189983,0.26877651488947507,0.13986659926369527,0.24817673760823777,0.24334597215927822,0.2681904195748095,0.10460370711650857,0.17132716408016213,0.10171377258263581,0.21869865913762832
Llama-4-Scout-17B-16E,19,0.40425531914893614,0.20049749866864794,0.2735102319807229,0.2680275286807978,0.15235766238523119,0.23535473108126903,0.21216515223241061,0.25730112914546344,0.11445854051824411,0.17286265685220947,0.08721378524027956,0.23172356857001897
Llama-4-Scout-17B-16E,20,0.425531914893617,0.20953577675419313,0.2905815901940867,0.2794158799857879,0.1462555410827877,0.2465305941756688,0.23678665153016232,0.2759696740114157,0.10537468890144774,0.1785072843647013,0.11142514777092527,0.22451071552513335
Llama-4-Scout-17B-16E,21,0.44680851063829785,0.2046929089275702,0.29178965436314397,0.2706246091293637,0.13954270349915854,0.22967924863383304,0.2158861288905869,0.2738020971925986,0.08954898699906944,0.18358752762916042,0.1225787856029329,0.22988934733603428
Llama-4-Scout-17B-16E,22,0.46808510638297873,0.1822575221412314,0.2742940881575926,0.27108014999173047,0.12190011979838578,0.22690409524635702,0.21430566938879758,0.257195915768918,-0.01611523817134919,0.1674806845850626,0.08370020648646548,0.22182953016050544
Llama-4-Scout-17B-16E,23,0.48936170212765956,0.18455072309255277,0.27101085975462935,0.26344349973866765,0.11173402274510369,0.2198038565170053,0.19303163424390624,0.26838199212159664,0.09182484777182875,0.13659191951469507,0.07680536395580062,0.2128792345624586
Llama-4-Scout-17B-16E,24,0.5106382978723404,0.18552498495842307,0.27002648416908337,0.2579585791233603,0.09905175027411117,0.22192770059250544,0.22071093987088497,0.2630007599711365,0.06143733496458936,0.1416603048194649,0.0813521775751771,0.238123818224088
Llama-4-Scout-17B-16E,25,0.5319148936170213,0.18725310639010734,0.2650858659332872,0.2586362496144742,0.11797416178408082,0.22099022715652727,0.22664804626060853,0.2594363699893766,0.0556446326258635,0.18310029246404447,0.05964644200001079,0.22536877607295214
Llama-4-Scout-17B-16E,26,0.5531914893617021,0.17320516146093104,0.264174874232581,0.2480678624502448,0.075287781360444,0.2054180451445431,0.2116354607478086,0.2462143212130885,0.06473675311208149,0.16956794515201712,0.033592483609942714,0.21335608758672375
Llama-4-Scout-17B-16E,27,0.574468085106383,0.16453323862304053,0.2323358826450479,0.2504242736302591,0.11418064370599645,0.22297261574528882,0.16869627573781754,0.24971670059410422,0.01570601857146925,0.1740981048746839,0.0004448442770492722,0.2167570264488704
Llama-4-Scout-17B-16E,28,0.5957446808510638,0.15372599069123524,0.2516052648012781,0.24981723052899274,0.09498927929459933,0.19692465519203395,0.17920651396541454,0.2475406464153962,0.03206479990328126,0.11304041456788982,-0.0012500937956065883,0.17332119603926
Llama-4-Scout-17B-16E,29,0.6170212765957447,0.14601264360363828,0.23206530066136677,0.23971464779279505,0.057942216660450185,0.1887268356418753,0.17995416124129826,0.23164379315648753,0.02703599781720789,0.1373488366488269,-0.03190356550475748,0.19759821192100968
Llama-4-Scout-17B-16E,30,0.6382978723404256,0.12326195604044168,0.19304810756697355,0.23135193151477196,0.057524839628756874,0.17799457634172922,0.15505139698901416,0.21288137674290164,-0.0028083945060952686,0.11866155495704322,-0.04847865180263966,0.13739282297208832
Llama-4-Scout-17B-16E,31,0.6595744680851063,0.11597892230255166,0.20576249778354616,0.2220050878458244,0.04584377902613246,0.17311407004979018,0.1407906614491894,0.2041146888406109,-0.008747709685980931,0.10712660287477205,-0.06703230602500998,0.13681185086684922
Llama-4-Scout-17B-16E,32,0.6808510638297872,0.09199714262501309,0.1655945508792792,0.19766342665250936,0.021630146596096522,0.12430652360517735,0.14199686899434671,0.20129328470400742,-0.009987869760965884,0.08546600162309104,-0.10928387798302208,0.10129237093977705
Llama-4-Scout-17B-16E,33,0.7021276595744681,0.07113188284844306,0.1666637091683154,0.18916951567349694,-0.014800223935384604,0.10821153376712289,0.10373089592654172,0.16330792422366813,-0.08135258558162661,0.06301556996816726,-0.08289993737344337,0.09627242664778668
Llama-4-Scout-17B-16E,34,0.723404255319149,0.053268924983298424,0.1689603375426071,0.18361550094073353,-0.049160468608278274,0.12265405911724425,0.06882480984132144,0.14134185832255053,-0.07087953668683045,0.014958192171283025,-0.10835076475978345,0.06072526195233641
Llama-4-Scout-17B-16E,35,0.7446808510638298,0.03331636788239382,0.14798636565219347,0.15775552358419176,-0.043455825244358426,0.11600058245358535,0.04151620633939379,0.12097156282833388,-0.10652727103714699,0.0008356308768548981,-0.16627533551187312,0.06435623888295228
Llama-4-Scout-17B-16E,36,0.7659574468085106,-0.019523280956118973,0.09819150852251379,0.13739274096827758,-0.14315902676276093,0.04519475511591353,0.0033649538768755205,0.08873515841647084,-0.17559681109262892,-0.0018937976353066155,-0.2559153607593738,0.00845306978901228
Llama-4-Scout-17B-16E,37,0.7872340425531915,-0.034138554539398555,0.08048433965439117,0.11807540823391016,-0.1589445233319,0.03914116041009941,-0.013425180042380802,0.06619111874831773,-0.15370825232884622,-0.08958173968984284,-0.25772234390280335,0.028104466855220944
Llama-4-Scout-17B-16E,38,0.8085106382978723,-0.07472340732022206,0.0616308397260904,0.10920714046456648,-0.21042222150771517,0.035827133290279756,-0.0715937869173362,0.008176939610569312,-0.23027998701000874,-0.08155535453210239,-0.33467057804751366,-0.033554198278856306
Llama-4-Scout-17B-16E,39,0.8297872340425532,-0.08969379646998724,0.032339157458249,0.09833385949501994,-0.20622972313846333,-0.047279250614886914,-0.07575702076287949,0.047175401629825586,-0.21706614055469875,-0.1331442896935584,-0.33435294073970767,-0.06095701777850371
Llama-4-Scout-17B-16E,40,0.851063829787234,-0.16468023364529671,0.032887050042486266,0.042672833931973186,-0.2787024738725694,-0.1420730120075726,-0.12421191002628573,-0.035577979174954866,-0.4170909174016497,-0.2267415087363973,-0.40890143204713425,-0.08906298716060745
Llama-4-Scout-17B-16E,41,0.8723404255319149,-0.22785369450710488,-0.0004139040676327532,0.05706174265053876,-0.3263491842809887,-0.2289781449082211,-0.22363182938537185,-0.12775076422150589,-0.3697722091834854,-0.33465256706902813,-0.5025993431917402,-0.2214507414134368
Llama-4-Scout-17B-16E,42,0.8936170212765957,-0.3167499134212499,-0.06941687631677906,-0.02392463539293077,-0.4628025174204742,-0.1777706089618194,-0.22817379440639063,-0.25296776435890456,-0.5182392148298436,-0.32240965610127104,-0.8315789519591146,-0.2802151144647351
Llama-4-Scout-17B-16E,43,0.9148936170212766,-0.38645825350627394,-0.12679956346384968,-0.13793513429398363,-0.5172417683954709,-0.3131066484886722,-0.4682041667918708,-0.24075242260581442,-0.7276463747672353,-0.37452995294779456,-0.633957450650076,-0.3244090526576573
Llama-4-Scout-17B-16E,44,0.9361702127659575,-0.44412148589271433,-0.15873765673375084,-0.0909378493911206,-0.6717260832639309,-0.3940532968271966,-0.5387966346413886,-0.2678713471745138,-0.6949115580525784,-0.4874187809845767,-0.7799130066161655,-0.35684864524160753
Llama-4-Scout-17B-16E,45,0.9574468085106383,-0.7724629605200162,-0.343247088324931,-0.26937832841440446,-0.9687766126348163,-0.6547588084872438,-0.8245449301620678,-0.66137094268392,-0.9429751001887283,-0.9801141585162436,-1.345225113078695,-0.7342385227087798
Llama-4-Scout-17B-16E,46,0.9787234042553191,-1.119407102556512,-0.503095305329855,-0.5194687587807041,-1.4570731004577104,-1.0974334095841307,-1.0327398545986015,-0.8304427633433429,-1.8808949732124005,-1.1640204281241386,-1.9217445601145355,-0.7871578720193924
Llama-4-Scout-17B-16E,47,1.0,-8.093984914562327,-4.33628591128395,-5.180140381836531,-10.554367716391978,-7.097742496102576,-7.959721130410092,-6.906603833364431,-12.382412923976402,-8.109894209130829,-10.944640730124707,-7.468039813000832
Llama-4-Scout-17B-16E-Instruct,0,0.0,0.16539930705563327,0.1972915761835975,0.1999098629243039,0.13788612482270168,0.2288450208598639,0.16037525922822415,0.2199516228952224,0.11841344530775211,0.14941717407966704,0.0938390959869918,0.14806388826819106
Llama-4-Scout-17B-16E-Instruct,1,0.02127659574468085,0.1687983303460537,0.20216357676641172,0.2113012346221449,0.13793538536001881,0.22866914937846938,0.16276625826873892,0.2180734927839072,0.11954342792557959,0.15535785634558175,0.0980461106680649,0.15412681134179695
Llama-4-Scout-17B-16E-Instruct,2,0.0425531914893617,0.1754418060762248,0.2059149675429749,0.2173679089705094,0.14033811637186,0.23699210466197718,0.17465849805247224,0.22670355739487003,0.11892623831777915,0.1633684797866034,0.10568826681780097,0.16445992284556776
Llama-4-Scout-17B-16E-Instruct,3,0.06382978723404255,0.17700924744844557,0.2105680783950269,0.21487924883278353,0.1307903479844802,0.23722190274145494,0.17702585162235573,0.22561181817334341,0.12048834945601317,0.16108559702540526,0.1190002034267823,0.17342107682698993
Llama-4-Scout-17B-16E-Instruct,4,0.0851063829787234,0.17911921070356063,0.21392782059840232,0.22244679725011063,0.13559397373775317,0.24120491780969555,0.18507317290090441,0.23163635984718023,0.11389310445291678,0.16199145996438324,0.10975056028264585,0.17567394019176874
Llama-4-Scout-17B-16E-Instruct,5,0.10638297872340426,0.183994645813576,0.22931349997176687,0.23038997915011916,0.13756808518456154,0.24633308992203984,0.19741909048197281,0.22849524458214354,0.11991565562161222,0.15753491823513366,0.11227765317840177,0.180699241808163
Llama-4-Scout-17B-16E-Instruct,6,0.1276595744680851,0.19804347329360805,0.24098824341575642,0.24329141864530357,0.15304854302476378,0.2519376059948024,0.22712990812306144,0.24211959254944604,0.1337601689393907,0.17313929034463627,0.1173086718782147,0.19771129002087318
Llama-4-Scout-17B-16E-Instruct,7,0.14893617021276595,0.1970165779171163,0.2440994368603342,0.25073358890963915,0.15379306737753295,0.24499870450822325,0.22083388995823805,0.2399252574665922,0.14442450426212072,0.17070248035120494,0.11169723196001113,0.1889576175174521
Llama-4-Scout-17B-16E-Instruct,8,0.1702127659574468,0.20422957370713735,0.2585514063732379,0.2509299395982324,0.16295853144982408,0.2396484674895889,0.2288107566330264,0.25094301925837215,0.14673912263130673,0.17756888769369394,0.1183724540953377,0.20777315184891665
Llama-4-Scout-17B-16E-Instruct,9,0.19148936170212766,0.2077745264898201,0.24888980527824778,0.2606623371748241,0.15703818548667792,0.24464754610835393,0.24452082829180444,0.2489296187369906,0.15210163540356858,0.18656225081607547,0.12475873604050103,0.20963432156130868
Llama-4-Scout-17B-16E-Instruct,10,0.2127659574468085,0.20685941764805332,0.2689760393677699,0.26894975976129376,0.13667281179441615,0.24688155408141532,0.2438308698057955,0.25690400669599134,0.15251971553992794,0.18590230054725532,0.10599055673988744,0.2019665621469402
Llama-4-Scout-17B-16E-Instruct,11,0.23404255319148937,0.20717601895887244,0.2624902228917002,0.26288737127237405,0.14365455587946385,0.23699963309888794,0.24187415002540846,0.26830081987113497,0.14609789706744758,0.18706333517678186,0.12348231293305112,0.1989098913726558
Llama-4-Scout-17B-16E-Instruct,12,0.2553191489361702,0.20755997439075502,0.26956711967309366,0.2625734778604736,0.14141046792640133,0.2431292891369078,0.22953460773689716,0.2614483170234334,0.1482409570116866,0.18623769818593072,0.11950003440348478,0.21395777494941315
Llama-4-Scout-17B-16E-Instruct,13,0.2765957446808511,0.20541448982817526,0.2670956541416709,0.26226404665207514,0.14114351764206,0.2503048905921522,0.22153177644855948,0.26008659901410425,0.12734581371433018,0.1899509225684879,0.12459589274888128,0.209825784759595
Llama-4-Scout-17B-16E-Instruct,14,0.2978723404255319,0.21057584809610602,0.2889609635433513,0.27043754217842986,0.15424511310547517,0.24504277452390988,0.2379798343006625,0.26864805123619806,0.1411810486401538,0.16847821044410083,0.12521930321982233,0.20556563976914177
Llama-4-Scout-17B-16E-Instruct,15,0.3191489361702128,0.20988795559997753,0.2831637083049403,0.27342239860635187,0.16602761722619264,0.24932019947393058,0.23743100193814126,0.26481874566648045,0.12848478931452567,0.18500537118969873,0.1028793513346361,0.2083263729450564
Llama-4-Scout-17B-16E-Instruct,16,0.3404255319148936,0.21320469287791832,0.27454171290125173,0.3009274773550913,0.16158651528074086,0.23927027991694672,0.23692444863913298,0.27375658490092203,0.14501425478664287,0.176526119543005,0.13118189132061409,0.19231764413501407
Llama-4-Scout-17B-16E-Instruct,17,0.3617021276595745,0.20982524259036586,0.2898518600497617,0.2792768186170752,0.16169890647011187,0.2581040048382288,0.22106497822505478,0.24875013614679786,0.10812363093208277,0.1813385139728776,0.11978180107942338,0.23026177557240746
Llama-4-Scout-17B-16E-Instruct,18,0.3829787234042553,0.21320474144724005,0.283468021633695,0.2901728674915186,0.1475100388225994,0.24563457549858492,0.2318682350532737,0.28836333999193464,0.11595430839469167,0.19733684624583758,0.11236819137259835,0.219370989967828
Llama-4-Scout-17B-16E-Instruct,19,0.40425531914893614,0.2107148808564853,0.29123394120754276,0.29327525156895984,0.14875465989580772,0.24391857960557772,0.22156530017936238,0.26347860496183095,0.11096542027831591,0.19419744392854854,0.1149033784679333,0.2248562284711475
Llama-4-Scout-17B-16E-Instruct,20,0.425531914893617,0.21464719414942834,0.2953249377081216,0.3080960769881773,0.1369078253281245,0.22970039565348865,0.24072065193564007,0.2873831092026916,0.11924428297496037,0.2000441895340661,0.10387854965128429,0.22517192251790796
Llama-4-Scout-17B-16E-Instruct,21,0.44680851063829785,0.20221584036107104,0.28726364518544756,0.27779793396363595,0.12096425580605197,0.2354234449996201,0.23449780818097665,0.2829102797991736,0.10102546840632964,0.18584820285768655,0.06970913131596168,0.22671823309602024
Llama-4-Scout-17B-16E-Instruct,22,0.46808510638297873,0.19363162003236095,0.2715668482157577,0.2868064859015622,0.14620875627828878,0.2220175740584609,0.22415441567463668,0.27986382146453626,0.08154700041661322,0.16253658097984247,0.05882751384323437,0.20278720349083823
Llama-4-Scout-17B-16E-Instruct,23,0.48936170212765956,0.2001995803523365,0.2794274146641532,0.28456975274701035,0.13971569636163494,0.21107665069376302,0.2216909313508696,0.2749290071321887,0.08930399651136955,0.1763343683944314,0.09395758446155589,0.23099040120654957
Llama-4-Scout-17B-16E-Instruct,24,0.5106382978723404,0.19199082332963463,0.27942767781182776,0.2866938169144042,0.13273982784595328,0.22904300542661427,0.23418084998510647,0.2802530009182679,0.030435692636994194,0.15712977526702143,0.049395161679988364,0.24060942481032144
Llama-4-Scout-17B-16E-Instruct,25,0.5319148936170213,0.19200862781671643,0.2779078798231447,0.28301121193769463,0.10598991539407665,0.22926444125946221,0.21532782071722212,0.2662136783230148,0.05862558861643741,0.17221180598435837,0.080791481760913,0.2307424543510096
Llama-4-Scout-17B-16E-Instruct,26,0.5531914893617021,0.1832022344410869,0.27069009523219645,0.28056558312055024,0.09739933744268015,0.2222038035703039,0.21180728556948825,0.2633273576958599,0.07741768171412466,0.14783349580383365,0.03274220444085896,0.22803549982117144
Llama-4-Scout-17B-16E-Instruct,27,0.574468085106383,0.18425538624223442,0.2676176978643272,0.2906137790153086,0.07885830060392729,0.2244348703542567,0.2208360487872566,0.26683974412807165,0.07267656347478302,0.16118730514647317,0.03737138016221564,0.22211817288589697
Llama-4-Scout-17B-16E-Instruct,28,0.5957446808510638,0.15674547524440113,0.23772779487491436,0.2567986957580295,0.0839943443697384,0.14771116755288893,0.19808637512913496,0.24486735137809257,0.003662126908653196,0.14047983355650362,0.030800796780766304,0.2233262661354375
Llama-4-Scout-17B-16E-Instruct,29,0.6170212765957447,0.1461547320559772,0.21114844299059166,0.25442932145080444,0.06644292960652642,0.17932843577299096,0.18761265340483624,0.2332767420438887,0.03387153609859794,0.1257805494948342,-0.014828496260846924,0.18448520595772233
Llama-4-Scout-17B-16E-Instruct,30,0.6382978723404256,0.13078655164770672,0.20810915541165154,0.2334348498712534,0.04688610845294905,0.1701794664897256,0.19492122668318035,0.21546368769090996,0.008199102285970095,0.13072883116550282,-0.062400144281058,0.16234323270715656
Llama-4-Scout-17B-16E-Instruct,31,0.6595744680851063,0.1157477615949315,0.192699821493444,0.21832795195431964,0.02982551536270428,0.1413040137879662,0.14748728258667,0.21703832708090254,0.008311739630750048,0.12271843758863632,-0.0608066466290742,0.14057117309316614
Llama-4-Scout-17B-16E-Instruct,32,0.6808510638297872,0.10181285191139806,0.18914556167902896,0.21003216305051453,0.002704843945053992,0.12605502042796446,0.13907807385949789,0.20296676137741299,-0.011962126207313739,0.0845837194156257,-0.0772121252712219,0.15273662683762323
Llama-4-Scout-17B-16E-Instruct,33,0.7021276595744681,0.09391134908942059,0.18741740614964952,0.22541708190931575,-0.011868374527502779,0.08917792916602785,0.13227532142025933,0.18195797318792872,-0.02389181606455848,0.11210462895347362,-0.08685562172876304,0.13337896242854785
Llama-4-Scout-17B-16E-Instruct,34,0.723404255319149,0.05980626365613386,0.1584472940722026,0.1934316394692992,-0.06740946124285063,0.09580403215958666,0.09620257248130892,0.18283965345932074,-0.10279349438789032,0.06505162309630896,-0.152838690018948,0.12932746747319634
Llama-4-Scout-17B-16E-Instruct,35,0.7446808510638298,0.04393292840654754,0.12439108860623993,0.19077601550850254,-0.04444711414730951,0.09310456484298524,0.07341615021068681,0.15650683611520266,-0.10282010987969481,0.03294337248188417,-0.1676771483862478,0.08313562871344649
Llama-4-Scout-17B-16E-Instruct,36,0.7659574468085106,0.016088939676016323,0.10422864111344443,0.171166169252018,-0.10091956491739906,0.05283195038732558,0.07959405005171316,0.1202968336939303,-0.10639228694949732,0.007537194556850979,-0.24019540618341106,0.07274181575539107
Llama-4-Scout-17B-16E-Instruct,37,0.7872340425531915,0.002744909673779339,0.10109926934539726,0.16962139942691845,-0.10473498053197239,0.04172840395464672,0.026677162674499932,0.12373422047809657,-0.13495157304097294,-0.02928688407525737,-0.20734478905435383,0.04090686756100115
Llama-4-Scout-17B-16E-Instruct,38,0.8085106382978723,-0.0018134547279965551,0.08524045787614976,0.16662900454271323,-0.12148719074301484,0.012913985139492712,0.06509815153644827,0.09055842076325382,-0.14585543191112893,-0.0338403877720177,-0.18330116394217155,0.04590960723053383
Llama-4-Scout-17B-16E-Instruct,39,0.8297872340425532,-0.04411500642785312,0.07258747157447432,0.14460489381478592,-0.14845335018183525,0.023122003028794635,0.012754214743526449,0.05543041681957683,-0.2061791600748728,-0.1279860482687023,-0.27505886400390867,0.008028358269861258
Llama-4-Scout-17B-16E-Instruct,40,0.851063829787234,-0.07005393338190444,0.02026897729635091,0.11574488093106816,-0.18549511332783797,-0.02276238544798237,-0.03668972053105368,0.0501745716243982,-0.24297188618860543,-0.12330291263371485,-0.23793105560009709,-0.03757468994136692
Llama-4-Scout-17B-16E-Instruct,41,0.8723404255319149,-0.12206678948439065,0.004078951533407316,0.08352040454001541,-0.2236097672848758,-0.04411517033177059,-0.06919962101461352,-0.01197815789810952,-0.3805236915120047,-0.17088833977935636,-0.3736812455342191,-0.03427125756217331
Llama-4-Scout-17B-16E-Instruct,42,0.8936170212765957,-0.1657344018492847,0.014055397401462444,0.09371757311637374,-0.2612137429805983,-0.11018297958683321,-0.1822444985690388,-0.03796494956125662,-0.38206017182558694,-0.24885815304218428,-0.4118582067924057,-0.13073428665257736
Llama-4-Scout-17B-16E-Instruct,43,0.9148936170212766,-0.20646136195366122,-0.013873882643776536,0.060911382159995364,-0.4154059937289092,-0.16337062377474165,-0.14190748330558622,-0.030225961211545194,-0.3966900770318964,-0.2551613968250175,-0.551997131263545,-0.15689245191138745
Llama-4-Scout-17B-16E-Instruct,44,0.9361702127659575,-0.2630598118070067,-0.07948200079949408,-0.020061539918024618,-0.5157427459495572,-0.22744725269501442,-0.17571010486026384,-0.1361932263289185,-0.47924653696501696,-0.26936237921458916,-0.5179000168150893,-0.20945231452388025
Llama-4-Scout-17B-16E-Instruct,45,0.9574468085106383,-0.4045043881579974,-0.05223524991333073,-0.05979246340640865,-0.5511733969967565,-0.4653690975543907,-0.3916539670902681,-0.2912083110754753,-0.6792684033556273,-0.43159335220060835,-0.7163801884327707,-0.40636945155413495
Llama-4-Scout-17B-16E-Instruct,46,0.9787234042553191,-0.5149035012941876,-0.20365879053422686,-0.1185732208835959,-0.6952500802967811,-0.4563089789138326,-0.4391734320705465,-0.29497986712966795,-0.9318032060238994,-0.6277776189831499,-1.038677198690754,-0.34283261941511123
Llama-4-Scout-17B-16E-Instruct,47,1.0,-1.535860195894608,-0.680304440858104,-0.5492473622714689,-1.8931147494569185,-1.2786408259700885,-1.3876902442415404,-1.1044056767987458,-1.9951980276136836,-1.6557536895468634,-3.6169308977087535,-1.1973160444797162
Llama-Guard-3-8B,0,0.0,0.18213474069220575,0.21388696799247042,0.2200642303922623,0.13326322512058375,0.22728493866728827,0.1883874884254093,0.2390132139247353,0.12879379350471654,0.17165282219741362,0.12344767287757308,0.17555305381977804
Llama-Guard-3-8B,1,0.03225806451612903,0.177378232561484,0.22184563629931997,0.2070930632413316,0.12657328650704314,0.21949568377405648,0.18897308588359607,0.23975372344681678,0.12034625187618253,0.15469395885525006,0.12769305318191404,0.16731458254950504
Llama-Guard-3-8B,2,0.06451612903225806,0.19422387701030258,0.23505764035596255,0.22865714007687987,0.13472359099695919,0.24916802770128377,0.21567732223246883,0.25525904617320627,0.135118895322768,0.1678526852024994,0.12619070845938596,0.19453371358179672
Llama-Guard-3-8B,3,0.0967741935483871,0.21052733675358795,0.2638823341880777,0.2566028638883384,0.16371739299725052,0.25456187983099965,0.24289883084362407,0.2686212203979592,0.14843746247600242,0.1718573356162464,0.13519727938624881,0.199496767911295
Llama-Guard-3-8B,4,0.12903225806451613,0.22284103065312716,0.27008656406390164,0.2649633108617838,0.17210792118907658,0.2581064436874373,0.2506007700661972,0.2820816598231699,0.16083705382181945,0.20340787520361758,0.14389938405270697,0.22231932376173635
Llama-Guard-3-8B,5,0.16129032258064516,0.23111690167647145,0.2917754957429929,0.28366965762109553,0.17148433424811493,0.25628122821256993,0.25248762330112096,0.28291762785631014,0.17942151159760478,0.2027152361718796,0.14976657530113202,0.24064972671204388
Llama-Guard-3-8B,6,0.1935483870967742,0.23176791625622234,0.2870101736556615,0.2842126511736067,0.18482214131664942,0.25698878463054575,0.2606797527385448,0.2830648625179586,0.16490725422261598,0.20688782431520936,0.14510348999022338,0.24400222800136773
Llama-Guard-3-8B,7,0.22580645161290322,0.23427993862163293,0.2941199612213926,0.3017458140274212,0.18244249418785696,0.25161025098152356,0.2641663165978442,0.29234240873887196,0.1632214357245264,0.202808501006137,0.1309142510858009,0.2594279526451141
Llama-Guard-3-8B,8,0.25806451612903225,0.24312952173633376,0.295553258501142,0.2998928023789357,0.19622239407236208,0.2660710329938807,0.26986305122280096,0.2997706769492291,0.16485612254126758,0.22810520870857764,0.15063454407880306,0.26032612591648696
Llama-Guard-3-8B,9,0.2903225806451613,0.24883814478818606,0.3085248436822846,0.3080031237797628,0.20484928463987273,0.27414640947041025,0.26827146795712253,0.3068801258735546,0.17329530304803586,0.2285669984677774,0.15768583716023887,0.25815805380296375
Llama-Guard-3-8B,10,0.3225806451612903,0.24367584374644627,0.3068207066633497,0.30866437742019315,0.19797031307644453,0.2539181614234678,0.2677414529300227,0.3063494732566078,0.16736583974402996,0.2221968833466833,0.14119763649019756,0.2645335931136058
Llama-Guard-3-8B,11,0.3548387096774194,0.24854555520155097,0.3220502395536201,0.3091296114078741,0.20077772299987462,0.25682601077350087,0.27223602954178383,0.2982095553941122,0.1654648645375123,0.23336824602401873,0.15445229515471715,0.27294097662864647
Llama-Guard-3-8B,12,0.3870967741935484,0.2524590026695452,0.3172310187689068,0.31398961316533847,0.19336489043328775,0.277919985486074,0.28332210271893077,0.30449265279368554,0.1664622529075317,0.2229789162413809,0.16113373744179593,0.2836948567386708
Llama-Guard-3-8B,13,0.41935483870967744,0.23848272573294022,0.3136601531608989,0.3040952487265062,0.1942154578177877,0.2726557740049561,0.268456423690574,0.2550007915747946,0.15419601574279418,0.2277730140396349,0.17026507459787577,0.2245093039737317
Llama-Guard-3-8B,14,0.45161290322580644,0.25441088515898347,0.31923376292520456,0.31723148435218285,0.18643499617043202,0.27816158063726815,0.27818541646604744,0.3150646705073987,0.16090326029072266,0.23551877805097066,0.1754177191633839,0.2779571830263864
Llama-Guard-3-8B,15,0.4838709677419355,0.24827158944383232,0.3130487903814929,0.31034606123708763,0.18262652396856016,0.2674902325937949,0.27494395990897,0.3002856597509146,0.17248559030812105,0.2297150297060171,0.15410403469753098,0.2776700118860037
Llama-Guard-3-8B,16,0.5161290322580645,0.24527211061223703,0.30738520725493135,0.31486147645294005,0.17632967230710705,0.27126941014425776,0.2595190948820397,0.285347284102787,0.1780432368299809,0.2279901303049987,0.15664928527670174,0.27532630856678697
Llama-Guard-3-8B,17,0.5483870967741935,0.23988902508037496,0.30126422372669137,0.3060656295527875,0.16077475726939827,0.25868706034416844,0.26389047397519994,0.310365153176571,0.1757784003724162,0.21641245904945605,0.14016698181013854,0.265485111527075
Llama-Guard-3-8B,18,0.5806451612903226,0.23650886876247518,0.3035904875630271,0.29865425824487,0.1880629758938761,0.23992722208295347,0.2529203862236131,0.2961729905327707,0.16105183641666898,0.21468744161698816,0.13309169157111989,0.276929397479023
Llama-Guard-3-8B,19,0.6129032258064516,0.23718089426613648,0.2945909543956927,0.3103653191411736,0.1831154948991799,0.25123381397121625,0.24858657166262432,0.3015937721315911,0.16634912788945821,0.20482083191151423,0.14235963039316213,0.26879342626590674
Llama-Guard-3-8B,20,0.6451612903225806,0.23494900009870245,0.2926221011457768,0.30881734418188433,0.18965387850611215,0.25225106894275107,0.2376771114351719,0.2962409655246898,0.16886184906533386,0.2069017865544479,0.14068194398951284,0.25578195164151174
Llama-Guard-3-8B,21,0.6774193548387096,0.20741579061880913,0.2684313053550992,0.28682259956102996,0.17672549193427578,0.2454678919692439,0.2339323945528392,0.2657621486965409,0.15385441540980804,0.20183401610106722,-0.01562830189987552,0.2569559445082227
Llama-Guard-3-8B,22,0.7096774193548387,0.2260367882431109,0.30108731512149467,0.3024255523944932,0.17895153952101805,0.24128142363279237,0.22921455377372146,0.2808838229126204,0.1452189649417619,0.20845957366437873,0.12109415807313473,0.2517509783958414
Llama-Guard-3-8B,23,0.7419354838709677,0.22400253609550663,0.2916024001236138,0.30358506456717205,0.1814083438175249,0.23507290442768902,0.23381989710657725,0.28641540857998116,0.1410454331292994,0.19646518075612052,0.11957880055986736,0.25103192788738815
Llama-Guard-3-8B,24,0.7741935483870968,0.2193163153593512,0.278462750500982,0.29378631366432684,0.18091968771252798,0.24409171868853585,0.22380466611415595,0.29004294784091256,0.12758018475042776,0.18925748744836923,0.12001978013202375,0.24519761674139495
Llama-Guard-3-8B,25,0.8064516129032258,0.21558484204258166,0.2798727697021578,0.28654798496214995,0.15832860467617227,0.24314882320989906,0.2197290313281166,0.274367218587628,0.12302733625439166,0.1919284172361445,0.12580388014178934,0.25309435432756566
Llama-Guard-3-8B,26,0.8387096774193549,0.20099624637654268,0.25697981439410666,0.2760773920292078,0.1635220344531152,0.21246292981471726,0.21214923560154375,0.225390498082084,0.11985793539711964,0.19469168024749262,0.1050982381781913,0.24373270556801507
Llama-Guard-3-8B,27,0.8709677419354839,0.20106256701355632,0.27440498645879985,0.2805084159173866,0.17216993877322584,0.1977455625145761,0.2065394987192124,0.26466357952383923,0.11851270407706527,0.1763520660586737,0.09368124527630428,0.22604767281665838
Llama-Guard-3-8B,28,0.9032258064516129,0.19468441295267525,0.2762162072623411,0.28010511706355057,0.15798738884293317,0.2056478481962981,0.19862258340232097,0.2617734933804936,0.10128724966245928,0.16354922028739638,0.07986885220505957,0.2217861692240607
Llama-Guard-3-8B,29,0.9354838709677419,0.1981511019159265,0.26659895235216824,0.2821312439013164,0.1608446572240272,0.19790054325622763,0.19157775987203207,0.27439431919765755,0.1046963163622896,0.17569716652797351,0.09420585563122397,0.23346420483451935
Llama-Guard-3-8B,30,0.967741935483871,0.18083983170011467,0.25222911922476077,0.2758297927239013,0.1447846627620516,0.17298088916055931,0.16416669959782793,0.2681761123080595,0.07789336888419285,0.16755904205381256,0.07043442881269968,0.21434420147344546
Llama-Guard-3-8B,31,1.0,0.17361592978481427,0.2574416171308348,0.2655073961133694,0.10739075115029884,0.20021776361616206,0.16289887896871091,0.24800322417537302,0.07150868546964195,0.1457261325560545,0.0712081022536799,0.206256746414194
Qwen3-0.6B,0,0.0,0.15298550029128538,0.18518904936562575,0.19229455722576505,0.10307469948584858,0.21106184734544042,0.15948457962318074,0.20731202173879415,0.10484479259767632,0.14645986028645053,0.07169314489449263,0.14844045034976483
Qwen3-0.6B,1,0.037037037037037035,0.1572014147673561,0.19137647615756037,0.19014105763361,0.10264781930024425,0.2176389738410266,0.1682836469594342,0.2120954053273919,0.10430678626682433,0.14963761135727993,0.08914125203054946,0.14674511879981866
Qwen3-0.6B,2,0.07407407407407407,0.06509441001076191,0.13154525020870922,0.027461579078472687,0.06435199547860748,0.12486865479337161,0.05982820990023907,0.14363732237960192,-0.010848369447275852,0.00878739677563456,0.01838010525695577,0.0829319556835113
Qwen3-0.6B,3,0.1111111111111111,0.06374081152169545,0.1731228917725749,0.08189185629257778,0.034119036206623043,0.18983572034252627,0.05109611003145176,0.13213172232661807,-0.008051929249051293,0.06241117265913554,-0.10603581334724255,0.026887348181941495
Qwen3-0.6B,4,0.14814814814814814,0.0998097471024978,0.15574422833311097,0.19704888997626413,0.07847706021819034,0.06571349029941909,0.15278539745767927,0.1796466978690524,0.0618237775959517,0.03677088216625035,-0.022426291098443185,0.09251333820770757
Qwen3-0.6B,5,0.18518518518518517,0.058629715309197805,0.1315593983294342,0.11335467534835098,0.07175259209929996,0.21515458872492554,0.07249751059471554,0.15651798872167177,-0.03742822445930538,-0.07218875163219751,-0.10074138861925763,0.03581876398453743
Qwen3-0.6B,6,0.2222222222222222,0.0909458357291098,0.20042942511262074,0.13612788431530054,-0.018090109439105495,0.10482514499418205,0.11933519073562004,0.2038330593208254,-0.028521802034581212,0.1260607790371442,-0.00392718054196628,0.0693859657912651
Qwen3-0.6B,7,0.25925925925925924,0.06624375557516002,0.19357132024725132,0.10788492460209753,0.032066219847596056,0.03402682632132137,0.18324922038109248,0.18585693238145207,0.030185125624011433,0.024245080894318538,-0.1810479753218157,0.052399880774479546
Qwen3-0.6B,8,0.2962962962962963,0.07693370556178851,0.21005253997465834,0.19824223006532782,-0.05158075993908562,0.11822957615671792,-0.12221338753594346,0.15661946404881744,-0.013111339734063643,0.1141205299088498,0.048292866642889676,0.11068533602990704
Qwen3-0.6B,9,0.3333333333333333,0.10045914128995788,0.21491580809448985,0.1279251732475487,0.0690736488631224,0.1823664613308824,0.16910356939891835,0.10152807999088842,0.024896856844552562,-0.07245493198349107,0.05755585392636742,0.12968089318650178
Qwen3-0.6B,10,0.37037037037037035,0.04565018696942473,0.14296246657680023,0.15379226969830118,-0.030381181420627845,0.177295120299235,0.0188803888589274,0.13038485774252706,0.015661099812098955,-0.09763263287629131,-0.0025743795533574865,-0.051886139443172885
Qwen3-0.6B,11,0.4074074074074074,0.01630220646586785,0.19557631099393546,0.1873448924175236,-0.23287350594854628,0.0003576479301378166,0.16331099785699044,0.209980647164985,-0.3715735174725969,0.058411042433813676,0.0507435492877949,-0.09825600000513579
Qwen3-0.6B,12,0.4444444444444444,-0.0019239497462016585,0.07547461431255487,0.15032928641689203,-0.0019975772056284313,0.10327838142599954,-0.026721232100669567,0.050851314169513495,-0.3104882595867191,0.0033068727003658926,0.005789174507414341,-0.06906207210153203
Qwen3-0.6B,13,0.48148148148148145,-0.01737885287536086,0.18844007858186984,0.17884803864185994,-0.1309074346294632,-0.09228419860150461,0.08072125137681951,-0.07511975132119408,-0.050609849835007825,-0.039925888679623656,-0.12282903068449014,-0.11012174360263449
Qwen3-0.6B,14,0.5185185185185185,0.011083680168864397,0.1173069579396695,0.17480366147728466,0.09106989711219993,0.1483804154429934,0.18191575314730524,0.1939487557300792,-0.1563767720384095,-0.4401103891642577,-0.009861155274552225,-0.19024032268347835
Qwen3-0.6B,15,0.5555555555555556,-0.045164557742264265,0.21428135793531788,0.1467760141717841,-0.48629851246203226,-0.24540305609366309,-0.2850817952907967,0.189594366459242,-0.006592004505604709,-0.03307686175020175,-0.04495362974023598,0.09910854385377854
Qwen3-0.6B,16,0.5925925925925926,-0.10540023817238298,0.16123286157408123,0.029191793995114623,-0.5893906497359016,0.10296947962920633,0.08713225422981752,0.21503857333772225,-0.31675423440102035,-0.17568251325709272,-0.5710236284738583,0.003283681378335568
Qwen3-0.6B,17,0.6296296296296297,-0.061864652259532735,-0.02191260141475393,0.16505749086034804,-0.27879449567532455,-0.08396682451704085,0.17723218371729865,0.09223161134080105,-0.23520612985805966,0.0381682058391154,-0.28378550533842395,-0.18767045754903622
Qwen3-0.6B,18,0.6666666666666666,-0.1466994909041439,0.0875099637996769,0.14469611618197176,-0.29696855908314546,0.054499163097210146,-0.04775581358315839,-0.2993923367516702,-0.3012749135930817,-0.15253313735184815,-0.18935847925493654,-0.4664169125021911
Qwen3-0.6B,19,0.7037037037037037,-0.17707628003237147,0.0380148357706368,0.005625634230163046,-0.27930246791832136,-0.35504441598203007,0.007834300278680262,-0.21737637409239352,-0.2901999831746245,-0.3493115821371322,-0.3609046869774486,0.02990193967902499
Qwen3-0.6B,20,0.7407407407407407,-0.42179326689042984,-0.16285515844523024,-0.0019768585229542612,-0.6932431104256256,-0.5831735351313421,-0.4278515675866166,-0.5323208106679946,-0.18475865318935836,-0.8629775672022661,-0.28973915098856806,-0.4790362567440154
Qwen3-0.6B,21,0.7777777777777778,-0.6428693941494246,-0.6059391544576451,-0.37823675643822363,-0.5104187170427517,-0.16562562387078206,-0.5480485375577748,-0.7052514517311139,-0.1868318650588916,-0.06270917360171402,-2.268274138101699,-0.9973585236333442
Qwen3-0.6B,22,0.8148148148148148,-0.6781796031648045,-0.1403183224361606,-0.32214302461818445,-0.87413605832169,-0.7424734524666285,-0.03741531986948643,-0.9652132252184378,-1.546418437482525,-0.34736320400208887,-1.1357391742781644,-0.670575812954284
Qwen3-0.6B,23,0.8518518518518519,-0.4836103054254557,-0.14595378968498673,-0.9327118530338201,-0.896050087586634,-0.22660286231526805,0.038214051017345096,-0.35771602725603313,-2.0672494399826684,-0.00254322063681367,-0.10486841732947494,-0.14062140744584184
Qwen3-0.6B,24,0.8888888888888888,-0.8116632503193253,-0.18324545618053922,-0.6253219683266356,-2.503811836870735,-0.09425151120257302,-0.6798755998264561,-1.14987099347446,-0.8617587718720137,-0.09559769181089717,-1.7510416607099413,-0.17185701291852196
Qwen3-0.6B,25,0.9259259259259259,-1.3804368468369974,-0.46353074238578196,-0.43435253059666956,-0.23181397762416167,-0.611122126857824,-0.5743542874105969,-2.2601222178410865,-2.7801883007328856,-0.4963041657917362,-4.427970566472745,-1.524609552656044
Qwen3-0.6B,26,0.9629629629629629,-0.8046952013449126,-1.314995869836613,-0.1561387266923513,-0.8236974804770318,-0.1794681263235216,-0.2438002379902433,-0.21798846647961168,-1.100832012330311,-1.1364763155541482,-1.9508224363810518,-0.9227323413839335
Qwen3-0.6B,27,1.0,-1.4383672424977054,-0.3954963085306922,-0.5282854007893165,-2.721310336400309,-1.487001087988356,-0.512698144338015,-2.0710462760610273,-1.1863280932787448,-1.0764822890049066,-3.408448221076277,-0.9965762675087693
Qwen3-0.6B-Base,0,0.0,0.1573003835492452,0.19101135382986878,0.19224877742496893,0.10656067358493271,0.21481490069400566,0.1608910829647353,0.2133191482882837,0.11319750576551801,0.1468198624041004,0.08406153317558407,0.15007899736063512
Qwen3-0.6B-Base,1,0.037037037037037035,0.1542607203260809,0.18844398079505376,0.198810628840825,0.10543106377302258,0.21664952110706126,0.16491011267941857,0.20165477708974444,0.09728972216906373,0.14644339904403225,0.07763878959873882,0.14533520816402978
Qwen3-0.6B-Base,2,0.07407407407407407,0.06350540135513047,0.13904099952494675,0.10300059704624587,0.018870575774647902,0.14441705488640977,0.02040563397659101,0.1285468722901657,0.02252230222092444,0.027878319857905454,-0.01647125457878218,0.04684291255245743
Qwen3-0.6B-Base,3,0.1111111111111111,0.07624751222150718,0.19557367613143062,0.1930763822432392,0.06429472413838189,-0.0018071218072510664,0.15974961015889488,0.03072081598213583,0.021754979256507934,-0.03837213406949491,0.055751109626063666,0.08173308055537032
Qwen3-0.6B-Base,4,0.14814814814814814,0.07399603042678467,0.09750910729158546,0.20237832368253217,-0.023720552328653,0.1112985066096348,0.025499441358545982,0.197906590055133,-0.015530946450446503,0.030397622608079433,0.02584500667547729,0.08837720476614952
Qwen3-0.6B-Base,5,0.18518518518518517,0.07395094021150247,0.18973803305027148,0.15415501718651614,-0.06967591731368228,0.044956026201152355,0.15679627722790224,0.023923899910515245,0.014095419659008623,0.10393351791089145,-0.022244768976540152,0.14383189725920187
Qwen3-0.6B-Base,6,0.2222222222222222,0.06507317065951412,0.12173413984485737,0.21200733575988118,0.0896207847482291,0.21460951634910286,0.16604337206073772,-0.04819709808049377,0.00750200835782211,0.1246165455535656,-0.2852347011660519,0.04802980316769134
Qwen3-0.6B-Base,7,0.25925925925925924,0.06653682170006708,0.18693945928610878,0.22066088513096205,0.06775092703841312,0.19970415977406386,-0.03658149192698357,-0.0225950191242128,-0.00398883591947885,0.07114095420630306,-0.13075107091918592,0.11308824945486906
Qwen3-0.6B-Base,8,0.2962962962962963,0.06304452616184317,0.11470664036953393,0.15230246836887318,-0.0782797883352826,0.1600766708356004,0.11198162387946875,0.21664140994890912,0.02372647619970991,0.11567173098705785,-0.26403797252898475,0.07765600189374411
Qwen3-0.6B-Base,9,0.3333333333333333,0.03728412980185501,0.22046494031891162,0.10319656323396131,0.052211997954799805,0.027710150892768626,-0.040917539470003206,0.16439237694088726,-0.26329629888048345,0.08961686405451863,-0.10027583434681309,0.11973807732020514
Qwen3-0.6B-Base,10,0.37037037037037035,0.022235588737786048,0.19626051024360258,0.1378775842194061,0.07722434436570635,0.0780420716697382,0.10639958741624667,0.06252428793430587,-0.1908926688428516,-0.17390346435733361,-0.10765656368391441,0.03648019841316197
Qwen3-0.6B-Base,11,0.4074074074074074,0.05998869472418271,0.2018521338962449,0.042736964332269145,0.022240008015744328,0.09944848554864016,0.16065369455458922,0.09751730016094418,0.03869444345031736,0.08617355925207515,-0.17227736625167434,0.022847724282886395
Qwen3-0.6B-Base,12,0.4444444444444444,0.04118134291798645,0.23001485079337303,0.204079613197101,-0.103749610860006,0.06644712422371268,-0.06206272106509725,0.15810218219846572,-0.03610077440000481,0.09178587285030293,-0.003940201413901168,-0.13276290634385823
Qwen3-0.6B-Base,13,0.48148148148148145,0.07287933164158059,0.2255059465079169,0.2270682761190701,0.10241376257207635,-0.202125196485619,0.14642700545476162,0.16350885080133726,0.11017118133035608,0.08502329776594397,-0.24160917806815974,0.11240937041832932
Qwen3-0.6B-Base,14,0.5185185185185185,-0.0755912099185965,0.10623034048878999,-0.0651534320829783,-0.3433044040279014,0.10524574263899933,-0.13153088309081173,0.06579718354520003,-0.19841680530969308,-0.03534110309599359,-0.3189326923077467,0.059493954056412446
Qwen3-0.6B-Base,15,0.5555555555555556,-0.07383416579712493,0.05640557248110789,0.1819815437898693,-0.10555258046189753,-0.10084929306096546,0.05950781283084261,-0.1272373873950743,-0.4791828405576317,-0.08158948022838897,-0.15732783863535116,0.015502833266471505
Qwen3-0.6B-Base,16,0.5925925925925926,-0.04816709957096586,0.05521793333345637,0.12856677923590354,-0.23983295849347308,0.03514538171602066,0.1961067241941089,0.046704322042133595,-0.33922234172330135,-0.03000378497269196,-0.2972601675551996,-0.03709288348637707
Qwen3-0.6B-Base,17,0.6296296296296297,-0.052000050914600804,0.1904217790430056,0.164481430234231,-0.18091208528961134,-0.002881362136832877,-0.2531704675256463,0.10408285228477054,-0.11216683858322818,-0.20708401366662943,-0.14349425434664864,-0.07927754915920149
Qwen3-0.6B-Base,18,0.6666666666666666,-0.21933186415617248,0.014980035150746418,0.05502176704168815,-0.47477961592143814,-0.4501571873648291,0.05428635029346518,-0.3614071406660637,-0.1957785113194288,-0.5627806707765073,-0.2434308316052729,-0.029272836393795965
Qwen3-0.6B-Base,19,0.7037037037037037,-0.4155030943647139,-0.05584148663813604,-0.06992113847952774,-0.5849457315347886,-0.6602315512080217,-0.7038487863265035,-0.15477347319003898,-0.47143340121087074,-0.3805671101713577,-0.499687240256649,-0.5737810246309369
Qwen3-0.6B-Base,20,0.7407407407407407,-0.39479925615450673,-0.47172877776804967,-0.06110121659912693,-0.6658842870217221,-0.6194132789878084,-0.16059605795790732,-0.08093188878241375,-0.23231083190167534,-0.3156779981533615,-0.4951511394038166,-0.8451970849688497
Qwen3-0.6B-Base,21,0.7777777777777778,-0.5638378713761848,-0.3688946811188698,-0.3092493989785874,-0.21450640541800858,-0.9451905285251909,0.00873440948879245,-0.11332102919308218,-1.4289185334569323,-0.07279744024297452,-1.1937276086034219,-1.000507497713223
Qwen3-0.6B-Base,22,0.8148148148148148,-0.6248333006894634,-0.030922018020892006,-0.2351508752159388,-1.097433215614644,-1.0037340241469033,-0.5325067626529894,-0.2843553216330239,-0.6590177494792591,-1.1978828697502992,-0.7772792128519634,-0.43005095752836864
Qwen3-0.6B-Base,23,0.8518518518518519,-0.9760391320902169,0.07265630543796897,-0.27589948299040046,-1.8208953275939974,-0.7416076323134189,-1.1118754553294221,-0.4245764677521007,-0.7564109634715299,-1.273370467100956,-1.9919414501818222,-1.4364703796060727
Qwen3-0.6B-Base,24,0.8888888888888888,-0.8161329209569992,-0.1709291476013095,-0.10305183011065466,-0.43522632835635977,-0.6547374304816955,-0.05333330058331587,-0.4541227141118285,-2.277681119936158,-0.827616672312802,-0.9302889357338435,-2.2543417303416042
Qwen3-0.6B-Base,25,0.9259259259259259,-1.4943305279943089,-0.25206603401928507,-0.7189349977361057,-0.6466091210095632,-0.8639797228150281,-0.3732409301993276,-1.1840272491989468,-3.901934891370802,-4.649804217603194,-1.7718985850974334,-0.5808095308930619
Qwen3-0.6B-Base,26,0.9629629629629629,-1.7816667936896013,-0.32728999090526,-0.15676926635998556,-4.634678702662008,-0.7066488411573295,-3.2802634691934536,-2.9041259660181975,-1.3616144730989563,-1.874446755703937,-1.5732904274814472,-0.9975400443148219
Qwen3-0.6B-Base,27,1.0,-1.5439954560805338,-0.4973571994474082,-1.5141224777679945,-1.8153812095542166,-1.7945409561931966,-2.2096600326311684,-2.2096539390736067,-1.6884292082218924,-0.8977118281230039,-1.6459845099786579,-1.1671131998136093
Qwen3-14B,0,0.0,0.1544846226826216,0.19379167564209698,0.18989919745988315,0.10191368746479379,0.2135424009354705,0.16462262236966108,0.21378558047595575,0.11671897090812289,0.1418298821954873,0.06434054556789193,0.14440166380703667
Qwen3-14B,1,0.02564102564102564,0.15834107720691096,0.1945298600419838,0.20629965335320544,0.10235743136160358,0.213566194932855,0.16631105346569275,0.22162897187719233,0.10854515018910804,0.13668809981634011,0.0859437173134392,0.14754063971787412
Qwen3-14B,2,0.05128205128205128,0.14345244627083176,0.19148797485172897,0.20818016339851786,0.05955368823229357,0.19678475335380163,0.16390182523868324,0.20771041809059265,0.07735177360618417,0.1276513531401241,0.05929051614144132,0.14261199665513136
Qwen3-14B,3,0.07692307692307693,0.1390055634771096,0.1876597320710247,0.20398470440256988,0.09560862142743809,0.19269789897822331,0.15724490639841227,0.18753712682006896,0.07800834033743631,0.1227230544539234,0.04248616808179262,0.12210508180039137
Qwen3-14B,4,0.10256410256410256,0.139287701546465,0.18914790028070794,0.20873257495453112,0.06915932707181693,0.18821616083842008,0.16001990870894345,0.19878374628327844,0.0752862435106958,0.123489940215192,0.05304255413728598,0.12699865946395417
Qwen3-14B,5,0.1282051282051282,0.12245194616743893,0.18456851097510873,0.19797096232892186,0.06826466108032792,0.18538168771956998,0.1566360052353417,0.20044128578549403,0.01939581255343925,0.12072231690204804,0.013802914308225556,0.07733530478610229
Qwen3-14B,6,0.15384615384615385,0.0643394328038613,0.19250491472284548,0.16477300045335064,0.009269929301012891,0.12469851601756055,0.11977247571506067,0.1284715069812321,-0.040622527884097925,-0.07440307098784071,-0.012281989438946095,0.031211573158580364
Qwen3-14B,7,0.1794871794871795,0.06987373162893076,0.13567030364767318,0.11526246873849033,-0.03951276280160099,0.12930802705408617,0.12026710552748521,0.18117093449653143,0.03817526826002371,0.0600404471634024,-0.10793310070018602,0.06628862490356124
Qwen3-14B,8,0.20512820512820512,0.04277093586427486,0.1585276101085571,0.13685740552425973,-0.0037717338985308047,0.06584905009312714,0.09609237078404087,0.06693803070792448,-0.0024787069990079846,0.06576092954694468,-0.17809577194648907,0.022030174722119655
Qwen3-14B,9,0.23076923076923078,0.04004528258703991,0.17392267933208172,0.18146587922412571,-0.02586227396858809,0.13830192559300958,0.11420396495369511,0.055677514166654896,0.003771329969302628,-0.05565780225235084,-0.2416480359282842,0.05627764478088648
Qwen3-14B,10,0.2564102564102564,0.0597033559284955,0.16261732720982058,0.17881715381186092,-0.156064812511723,0.12770254509667434,0.055644524166724274,0.11825399226527888,0.012518940797412226,0.045223627993999926,-0.028073875500188583,0.08039413595539191
Qwen3-14B,11,0.28205128205128205,0.004447912874741078,0.15984572733935498,0.1732775871622545,-0.1336938767427609,0.013710042987112314,0.01655631417738368,0.12281817812970686,-0.02319553727385726,-0.07263037461162924,-0.26610899706758184,0.05390006464767394
Qwen3-14B,12,0.3076923076923077,0.005539486272357996,0.14400582646746374,0.17381236252814514,-0.0794603433797807,0.11368104413246527,-0.009010868543125383,0.10755763679366359,-0.18690242015128034,0.01900934010347677,-0.1968105224693666,-0.03048719275790135
Qwen3-14B,13,0.3333333333333333,-0.031573808944619065,0.15939809465568155,0.12227462840542036,-0.0385207862672825,0.06253476277493997,-0.03094565530391402,0.1305267756940256,-0.2764480760365644,0.03189572571410337,-0.37695807148335936,-0.09949548759906945
Qwen3-14B,14,0.358974358974359,0.015017490579120584,0.16139210706843343,0.14861304159319588,-0.07339993920266119,0.08300529090297482,0.0485465670406956,0.13273907769679472,-0.16045495378077002,-0.057065481993454625,-0.16085063929014765,0.02764983575635449
Qwen3-14B,15,0.38461538461538464,-0.004535540940210891,0.16921345201166382,0.1690094259448236,-0.03584861249692817,0.0701681037673636,-0.11483984657289059,0.15809287306695907,-0.19527926048059818,0.05456318738547827,-0.2127153617756079,-0.10771937025216505
Qwen3-14B,16,0.41025641025641024,-0.05660243666801967,0.13423563719650122,0.15777821323299734,-0.020338311931254793,-0.01749206687865712,-0.05108444827937442,0.07079919011105718,-0.49723875244163795,-3.954960327012813e-05,-0.3780776727061044,0.03543339461974626
Qwen3-14B,17,0.4358974358974359,-0.035871694990700656,0.18108979239396572,0.17426448871141587,-0.13739899702467406,0.11413591379409971,0.03855457664955986,0.04083789110409364,-0.18761158325790883,-0.19794050773327276,-0.47813509315604485,0.09348656861188687
Qwen3-14B,18,0.46153846153846156,-0.0024560484543696636,0.1726277856433036,0.20136834227970968,-0.31203250528763027,-0.13258789667394466,0.11541050418946075,0.02197225512305412,-0.14027459516767404,0.038461703921066626,-0.10086310987015445,0.11135703129929153
Qwen3-14B,19,0.48717948717948717,-0.04465463072632766,0.03292236033724083,0.17966295192297688,-0.156863492247852,-0.05384384901629913,0.07484839834331292,0.09489803100542937,-0.08089497423664715,-0.11926960923928465,-0.23141872886518522,-0.18658739526673407
Qwen3-14B,20,0.5128205128205128,-0.04691997275971786,0.14256532512213027,0.059785091894201337,-0.08495229065007592,0.023389148288018635,-0.10798742950244389,0.1093633734709143,-0.11615796954563451,-0.40057136698627605,-0.16607794944078802,0.07144433975295217
Qwen3-14B,21,0.5384615384615384,-0.09936508919429943,0.1738847378766658,0.022946743830791427,-0.30775908941888175,-0.24685122409749094,0.029206004236869032,0.046998299808317046,-0.1183376281023567,-0.11398775897231217,-0.5408534350926646,0.06110245798826519
Qwen3-14B,22,0.5641025641025641,-0.16993335298512818,0.05522540270336962,0.07862574135173184,-0.22102167133078776,-0.2953503633006491,-0.40067238521005843,-0.41192406239270474,-0.2526643918335387,-0.020077481493078864,-0.21273168410707455,-0.018742634238366085
Qwen3-14B,23,0.5897435897435898,-0.1878196780858103,0.08073313663988546,0.12800836005925187,-0.5047500862968726,-0.2051785303053515,-0.24247921364586733,-0.10838577524729565,-0.24786818374706399,-0.3011012189630311,-0.4167865516484992,-0.060388717703018235
Qwen3-14B,24,0.6153846153846154,-0.10449846850820443,0.005762928858972449,-0.002541193550151366,-0.24920756844980296,-0.08372785967419727,-0.05234413784962033,-0.017261017231810394,-0.1150045359807026,-0.149021527150772,-0.2465081133810394,-0.1351316606726769
Qwen3-14B,25,0.6410256410256411,-0.24287938928503322,-0.008005974273513905,-0.13463355598685656,-0.21212421138212734,-0.31230005326882915,-0.17032162839804332,-0.1824865876736459,-0.45049319387287934,-0.5064397289391971,-0.3723864541931845,-0.07960250486174392
Qwen3-14B,26,0.6666666666666666,-0.35376470880688765,-0.127899523623761,0.00484821577231942,-0.34584974331831986,-0.2929358828914892,-0.5549103539882247,-0.43951618275051985,-0.4364023437723341,-0.45988688633963726,-0.37276698009585685,-0.5123274070607859
Qwen3-14B,27,0.6923076923076923,-0.38267928039808385,-0.059291272046876564,0.025838609188330586,-0.5109016020134534,-0.2639664936153454,-0.15495155768235058,-0.3964828351589009,-1.0603015273313443,-0.39233500434112756,-0.8795663638178752,-0.13483475716151738
Qwen3-14B,28,0.717948717948718,-0.7769605643914906,-0.5099570141223497,-0.41324262770746856,-1.2405231949172144,-0.363123510864096,-0.4325189119093118,-0.723844625475397,-1.9401224770479493,-0.45671692208061443,-1.2360076837864824,-0.4535486760036813
Qwen3-14B,29,0.7435897435897436,-0.9615828639637745,-0.20396937424108663,-0.31020374524265626,-0.8814642862489224,-1.3364912617306812,-0.9271492974151905,-0.6165564019086947,-0.8171477515320649,-1.472913896012793,-2.46072259416744,-0.589210031138083
Qwen3-14B,30,0.7692307692307693,-1.4952905846419202,-0.36971362203162705,-0.7462479556839294,-1.6791804564196333,-1.260883797058538,-1.6013036610991054,-0.9558198210493105,-2.6598088337332815,-1.5636187913709758,-2.3958085250632926,-1.7205203829091285
Qwen3-14B,31,0.7948717948717948,-1.8457738153625791,-0.843208144259737,-0.7283683764976967,-2.9301488224075856,-1.0027329123104907,-2.6802535454195078,-0.6864410316860841,-2.4384447406804246,-1.4690850024865316,-3.5330932530483716,-2.145962324829083
Qwen3-14B,32,0.8205128205128205,-1.8763506283112033,-0.697188612533499,-1.5905027038862585,-1.5857564056501054,-2.484554671424961,-1.7433695865999028,-1.8109834924269919,-4.466250479024078,-1.3943727392671739,-1.8738904667071163,-1.1166371255914616
Qwen3-14B,33,0.8461538461538461,-2.263444498699939,-0.7571265246067296,-1.1756321554426878,-3.523538372189729,-1.786637307214106,-2.4205311845181656,-2.145120699549567,-2.9812050486852884,-1.5649098170735,-4.987501838453767,-1.2922420392654002
Qwen3-14B,34,0.8717948717948718,-2.815156087164147,-1.366141692258795,-2.1487338491718635,-2.4344836212615877,-3.097194016747723,-2.5095607741856076,-3.0897190322957684,-2.9459832986351375,-2.3699908722172274,-6.02177793464683,-2.167975780220131
Qwen3-14B,35,0.8974358974358975,-3.823357238507137,-1.3620047755749018,-1.112165210245787,-3.3234905524740537,-3.662846560110353,-4.407488768900814,-1.9795947738930062,-5.504565606587208,-4.859396411162479,-6.760227938829135,-5.261791787293132
Qwen3-14B,36,0.9230769230769231,-4.759615671287209,-1.8570174542017548,-3.020170604117146,-4.745597560922147,-3.7834508755462215,-3.9416984279345515,-2.147301498196961,-7.523689067986078,-5.958907286824879,-8.62845002752379,-5.98987390961765
Qwen3-14B,37,0.9487179487179487,-5.055470794255493,-2.6795597879101605,-2.2478519442602467,-4.577730302889561,-4.898134266732432,-4.260836811081786,-5.573200808775989,-8.036113182242948,-8.003776050800331,-5.992459742685281,-4.285045045174911
Qwen3-14B,38,0.9743589743589743,-7.8929020736679245,-4.291718278463761,-4.324399218123063,-8.967199496630757,-6.659119732462465,-8.949815378875524,-5.939416692801266,-14.998154079123374,-7.896699231321296,-10.775754524442194,-6.126744104433314
Qwen3-14B,39,1.0,-17.306705540307398,-11.15342112970881,-6.982318453304354,-24.925594539895283,-15.630683223482983,-14.828286419053947,-11.628864031845618,-18.860679732751738,-33.49881015974407,-19.89713933148828,-15.661258381796092
Qwen3-14B-Base,0,0.0,0.1551028877943142,0.19297845482417686,0.19346344610890664,0.10848609389391661,0.21787570315698934,0.17014408836361672,0.21682459017635136,0.10090295777493419,0.13403205667557483,0.07298426328853869,0.1433372236803202
Qwen3-14B-Base,1,0.02564102564102564,0.14640799404793262,0.17720458853342114,0.1933143373303663,0.09616084821511839,0.20266971541769196,0.16560433716398504,0.21164302042007777,0.09235446692846339,0.1314941813846494,0.05739740683490546,0.13623703825083622
Qwen3-14B-Base,2,0.05128205128205128,0.14441730240776302,0.18944097395223147,0.19858349913098383,0.09732790278208125,0.1970173897157329,0.16325526694857528,0.20670674154849278,0.07944330219830575,0.12441039097812168,0.05513330672311989,0.1328542501001675
Qwen3-14B-Base,3,0.07692307692307693,0.12363478346988965,0.16668994878594778,0.19870935997485029,0.07636440861869842,0.1855171111598587,0.14010494783744964,0.18515625369946387,0.06928386021875543,0.10652278547002214,0.0001099178496867248,0.1078892410843455
Qwen3-14B-Base,4,0.10256410256410256,0.13051537308543462,0.18106064712998216,0.20202506369512152,0.08185343210483609,0.1746207560179347,0.15907603191812048,0.1902363606535259,0.06405462818502805,0.11775079452661008,0.03717256299992833,0.09730345362343729
Qwen3-14B-Base,5,0.1282051282051282,0.12027311992606553,0.18097365207700067,0.19289554189358404,0.06327268359945082,0.1790501475494063,0.13553041590820125,0.19704957299697679,0.04581826454862137,0.11662872317469952,0.009934160819365712,0.08157803669353325
Qwen3-14B-Base,6,0.15384615384615385,0.08281595608111729,0.2066388581835069,0.17442855842955218,0.045363144785808496,0.1277346257058284,0.008052004887174391,0.16819910465064836,-0.07812854104773836,0.08758063381767511,-0.020223997982334874,0.10851516938121131
Qwen3-14B-Base,7,0.1794871794871795,0.08966546420433964,0.14783260067063564,0.17703732732361,0.03840016010560621,0.16877013042423994,0.06670624753930354,0.18740564025051354,-0.05032231494674111,0.07712538034411431,-0.004829397806407121,0.08852886813872374
Qwen3-14B-Base,8,0.20512820512820512,0.07299056685707657,0.18912556550676796,0.15123646175780814,0.04803044574543003,0.11924740331973449,0.13486795804217888,0.16629893298662934,-0.10369740133126659,0.07362277545340179,-0.11206517128251581,0.06323869837277363
Qwen3-14B-Base,9,0.23076923076923078,0.04268851582820928,0.15962088549518783,0.17876088571684212,-0.05029558719557725,0.12883550837776447,0.021746268612215847,0.16516728098582967,-0.02437682825236287,0.03926351788024196,-0.24889800553532782,0.05706123219742221
Qwen3-14B-Base,10,0.2564102564102564,0.003147070193085888,0.11098085341119635,0.15709023822541135,-0.0670560344376343,0.046506031197233955,0.07660964368432921,0.013571319749662303,-0.17596232712920234,0.05280475175234767,-0.23173237300072347,0.04865859847845544
Qwen3-14B-Base,11,0.28205128205128205,0.009438710806150951,0.08888912717837572,0.12532599644227305,-0.053027585507607666,0.026433833652958705,0.1170631125128514,0.06435093952473403,-0.10129206442709893,-0.04627858804733953,-0.15855216867524957,0.031474505407805276
Qwen3-14B-Base,12,0.3076923076923077,-0.019154368354218142,0.07835742185444217,0.1302881079140038,-0.07191001285926091,0.10144987626796176,0.010696083734298423,0.12341656097540132,-0.23780147574999,-0.02950063759061128,-0.34387129462095833,0.04733168653280695
Qwen3-14B-Base,13,0.3333333333333333,-0.026089264415155335,0.1425108889614598,0.17123332640355238,-0.2389462075243518,0.011408621773547623,0.08340792650488682,0.1290289659418159,-0.18727878706597467,0.03870861121443514,-0.5044369627605672,0.09347097239984647
Qwen3-14B-Base,14,0.358974358974359,-0.05517929458217038,0.15341117020627315,0.12629728672850216,-0.2062115929604067,-0.014015367849075089,0.007334080074237859,0.025003700853876376,-0.04317027373597737,-0.20461489124967525,-0.43917221818542473,0.04334516029623203
Qwen3-14B-Base,15,0.38461538461538464,-0.01846853422227529,0.1485470677112949,0.10156376753629093,-0.04518130492120376,0.0900485227377531,-0.2370278968337931,-0.0014836445256920516,-0.05933574325201363,0.01983032239141236,-0.24175282088512628,0.04010638781844622
Qwen3-14B-Base,16,0.41025641025641024,-0.019403208384792626,0.13531593813200282,0.10144178089375588,-0.022088443513448297,0.0970532407399467,0.08836279961816873,0.11422142805796653,-0.41762303183674687,0.005182765120629318,-0.3533968186536134,0.05749825759362359
Qwen3-14B-Base,17,0.4358974358974359,-0.06517463364306836,0.12006398616927061,0.10556520723023444,-0.03682846606017898,0.14069899036919953,-0.01437519865351522,0.08388650557730204,-0.4765887411731995,-0.19801436145661766,-0.46078926476385074,0.08463500633090992
Qwen3-14B-Base,18,0.46153846153846156,-0.0050105752032227665,0.13158268983814358,0.15426558702978632,-0.37038506584156683,0.1147199578443413,0.07808486564275008,0.13977579170082555,-0.051568562612209545,0.05896913092039424,-0.2760724228820812,-0.02947772367236645
Qwen3-14B-Base,19,0.48717948717948717,-0.0686028184940459,0.04768274992093846,0.13717068529445287,-0.24362769468695689,0.02708951576279839,-0.08848956939749386,-0.07419609825428397,-0.18362364579849677,-0.02527786296716883,-0.29103067039121333,0.008274405577215593
Qwen3-14B-Base,20,0.5128205128205128,-0.08735188477082115,0.12643845500551876,0.11743588489179857,-0.3224375964212751,0.10842528252105932,-0.02840884602893956,0.0011381163971163621,-0.28298922731724874,-0.16582497139125207,-0.44011591643357684,0.012819971068787295
Qwen3-14B-Base,21,0.5384615384615384,-0.10915003906265477,0.02153361411334176,0.14457503231441593,-0.0822823778494517,-0.05414084569148114,-0.20359225255261526,-0.009486926470450241,-0.24489189856664173,-0.3671022031876594,-0.17612586713788025,-0.11998666559795845
Qwen3-14B-Base,22,0.5641025641025641,-0.04750845958611941,0.14258424848521856,0.17641383316154846,-0.12011106808310767,0.04298172058885319,-0.03929243491122447,-0.17580406313586905,-0.1517902238618627,-0.03729697538556476,-0.15083362478515472,-0.16193600793376195
Qwen3-14B-Base,23,0.5897435897435898,-0.11139447121860821,0.009642149529655919,0.11391062953878484,-0.14431800127688144,-0.09018871455348498,-0.3015845054338133,0.10329931136172221,-0.25061007899128773,-0.09490126757092576,-0.29944981025471495,-0.1597444245350177
Qwen3-14B-Base,24,0.6153846153846154,-0.19010269739200014,0.01612659803100669,0.06245695379807359,-0.41030856814977357,-0.014218980896807842,-0.16540780642677344,-0.08025346799450639,-0.31906134087432236,-0.08492624608488497,-0.9198151158548951,0.014381000533138177
Qwen3-14B-Base,25,0.6410256410256411,-0.1726482303464483,-0.02193548092528963,0.010562295383035769,-0.5339410386519607,-0.01838538882251406,-0.00035784513115788563,-0.014919162579390965,-0.4393376634083095,-0.15864341736223841,-0.5337639214206757,-0.01576068054578883
Qwen3-14B-Base,26,0.6666666666666666,-0.4154263896964948,-0.025619293978950797,0.040973843835117374,-0.5327377855304565,-0.20182458199916864,-0.25543258064426855,-0.3499389483338542,-1.361535013674767,-0.3998500865341368,-0.7298094181961936,-0.3384900319079136
Qwen3-14B-Base,27,0.6923076923076923,-0.4772394731408598,-0.1983603328297614,-0.2834823720780344,-0.39294748279071867,-0.503526781092249,-0.1807950036043382,-0.4820872223650121,-0.6440185707024091,-0.6950675592670763,-1.090811851111408,-0.30129755556734383
Qwen3-14B-Base,28,0.717948717948718,-0.647499593614139,-0.20116770457495914,-0.3019691473848458,-0.6811345423800519,-0.542411784335777,-0.3927020012338658,-0.5838063495189934,-1.2269108522560237,-0.8523541824406875,-0.6678985408445133,-1.0246408311713853
Qwen3-14B-Base,29,0.7435897435897436,-1.1692275008188378,-0.38439889448988285,-0.6749707703119343,-1.7217435970837718,-1.281997954137795,-1.402778878220556,-0.653511367600137,-1.10088943050599,-1.279172278492645,-1.609638104380959,-1.5831737329641271
Qwen3-14B-Base,30,0.7692307692307693,-1.2055789756211197,-0.5930826510949208,-0.9758592581177894,-0.9411359734366391,-0.5244511703005459,-0.9229943285239841,-1.4874540782090007,-1.8007336121978863,-0.6511970675615499,-2.8399280090723167,-1.3189536076960375
Qwen3-14B-Base,31,0.7948717948717948,-1.6367770017508423,-0.7189857725764621,-0.44717809239042294,-2.9079595135713143,-0.7075664909004138,-2.5558369417378284,-1.0229345457908559,-3.189610070426639,-1.5242318369355115,-1.7101318052751626,-1.5833349479033134
Qwen3-14B-Base,32,0.8205128205128205,-1.8461519633338845,-0.7714447733573622,-0.990547572210607,-1.424615596018338,-1.512829448263266,-1.7439261776955028,-2.0516702453035265,-1.7612950721171594,-2.9840807289673856,-2.973221810045576,-2.2478882093593984
Qwen3-14B-Base,33,0.8461538461538461,-2.4706061344566423,-0.8206506673996625,-0.9957972626653173,-4.641117132566079,-1.9683959013594041,-1.6260488222270562,-1.6052788042730928,-4.518512921620516,-1.819351848304552,-2.9194107455321383,-3.7914972386176062
Qwen3-14B-Base,34,0.8717948717948718,-2.7373129403030867,-1.0861883623551267,-0.9626064973902018,-2.9333024589923506,-1.7061828246172044,-2.6266120301924794,-2.8138060093786583,-4.970609713574879,-2.542272743519228,-5.615663694964399,-2.11588506804591
Qwen3-14B-Base,35,0.8974358974358975,-3.995119832302688,-1.2662935618845172,-2.0280858416395002,-4.495971901238418,-4.572991137215907,-3.4537449563313487,-2.295947019717632,-3.681722901682602,-4.039336851145744,-7.558148117389143,-6.558956034780821
Qwen3-14B-Base,36,0.9230769230769231,-3.850065157582472,-2.220678363398668,-2.78193547849888,-5.807390557399079,-2.3330067519459026,-2.8003583328018955,-3.2828551261755807,-4.469101242458516,-3.7372829058778363,-7.71123894194249,-3.3568038753249905
Qwen3-14B-Base,37,0.9487179487179487,-5.713799717475499,-2.4539215771155987,-2.5793966299351583,-6.1069888150818015,-6.064573759409286,-5.637932148711026,-4.563406482545078,-7.7147240036062446,-6.372829851575786,-10.692518437669074,-4.9517054691051055
Qwen3-14B-Base,38,0.9743589743589743,-10.564015397544836,-4.568691548629079,-4.3996841426866515,-15.439673938397917,-8.654747842926813,-10.974124136177068,-10.638805039170153,-11.730047433641579,-10.02760885944445,-20.273840886071618,-8.932930148301615
Qwen3-14B-Base,39,1.0,-28.272276689533385,-17.32521493623619,-17.7051520642694,-27.716626651438823,-27.96799881876158,-25.007163582862884,-26.660955665708894,-39.34209757310525,-27.547640199453983,-46.66344171949675,-26.786475683997548
Qwen3-235B-A22B,0,0.0,0.1679537533305726,0.2005561101084865,0.20862302711752534,0.12568963028732794,0.22772092460482507,0.16002030791193345,0.2196367577844336,0.12426559901700351,0.16183322750912943,0.09797152081750526,0.1532204281477314
Qwen3-235B-A22B,1,0.010752688172043012,0.17817344649533884,0.21908243517513915,0.21663482366469133,0.13381860274185464,0.23731865124006368,0.17968019665636115,0.229644811422679,0.125037287820851,0.16846908694956542,0.1114716166566112,0.16057695262574267
Qwen3-235B-A22B,2,0.021505376344086023,0.18471084945441318,0.22370082954165726,0.2180543822741582,0.13404217475897384,0.24530236796196236,0.20653970172756486,0.24221030402889587,0.13243066728288577,0.15653457684292582,0.1128137901113837,0.17547970001389068
Qwen3-235B-A22B,3,0.03225806451612903,0.18900548329795303,0.23431509925919147,0.24200493125969824,0.13624973895371317,0.24882802291546913,0.22696793633094303,0.23781031808222342,0.12519587741794236,0.14983572540677303,0.11610794021367232,0.1727392431400524
Qwen3-235B-A22B,4,0.043010752688172046,0.19685991143687942,0.254890421201863,0.2537593953143036,0.15654455077410923,0.24723961078849577,0.22688460052574877,0.23287384719953286,0.12604858871431657,0.16910498258960294,0.11903089335067607,0.1822222239103103
Qwen3-235B-A22B,5,0.053763440860215055,0.20556261300163053,0.2654105301639722,0.2544799744752335,0.15474025056764118,0.24722442877793982,0.23910336704024449,0.2591444178743961,0.1385868687184103,0.17188057299616788,0.12975694021182282,0.19529877919065108
Qwen3-235B-A22B,6,0.06451612903225806,0.20828157132029176,0.26527012813076933,0.2649700405509342,0.15566813728476692,0.24731928562372218,0.23394371566005656,0.25746099415324497,0.1363726786804038,0.19298203546927561,0.1367368058117232,0.19209189183818498
Qwen3-235B-A22B,7,0.07526881720430108,0.20997360442796226,0.2704351968391673,0.26973696873996666,0.169825583192185,0.25660709493339795,0.23585131101714452,0.26254667613305815,0.12399560323865644,0.18619114664221847,0.12783618657720164,0.19671027696679844
Qwen3-235B-A22B,8,0.08602150537634409,0.20791245770937622,0.2746714213055902,0.22704628003179983,0.17362188510234822,0.25420161063879454,0.23327602385435808,0.2656656396076883,0.13304669317219564,0.18286916583302326,0.13335454207691644,0.201371315471215
Qwen3-235B-A22B,9,0.0967741935483871,0.2104372815991315,0.2760153680915035,0.2705507924510031,0.17782996138394935,0.24213949552657232,0.2453018648605605,0.26905215914274894,0.12207785823648254,0.192936870122849,0.11748309891578468,0.1909853472600196
Qwen3-235B-A22B,10,0.10752688172043011,0.21198166498259824,0.2728305652477546,0.27375130153149285,0.1775916489940066,0.2553650131867875,0.24224871162795014,0.2705711568089213,0.12608183440029008,0.19704103144101637,0.1311246410007615,0.17321074558716465
Qwen3-235B-A22B,11,0.11827956989247312,0.2100456795974588,0.27824314067803535,0.2656101413849784,0.16474751975241197,0.24769794551883195,0.2362050852199601,0.2673877030274243,0.1311641432748305,0.19278704370109867,0.1194052842624368,0.19720878915474227
Qwen3-235B-A22B,12,0.12903225806451613,0.21508974413608634,0.2685675407138747,0.2805141313443884,0.17958266220678087,0.22992322178700786,0.24334445293544327,0.2791010055530374,0.12228102214038372,0.20485576585014253,0.1318248531124402,0.21090278571752552
Qwen3-235B-A22B,13,0.13978494623655913,0.21322422316015938,0.2612242985151919,0.28390302995436434,0.1699168379358691,0.24114398587313945,0.24200388890221747,0.26955322759333444,0.13116383266607556,0.20477914835213862,0.12331975921242255,0.20523422259700974
Qwen3-235B-A22B,14,0.15053763440860216,0.2095011299710121,0.28051329807409886,0.2582564453616365,0.17348989236253143,0.257006962605566,0.2398456635261621,0.25960309648094104,0.13179406668886895,0.16374036195338693,0.11207086446665904,0.21869064819044548
Qwen3-235B-A22B,15,0.16129032258064516,0.2184836678951531,0.284479348347215,0.27500286852996425,0.1771840951063327,0.2608663177345445,0.24811345369533755,0.26697739109094176,0.1319327112168116,0.19453696915545293,0.13036205605260776,0.2153814680224848
Qwen3-235B-A22B,16,0.17204301075268819,0.21556932284980773,0.2859154994707279,0.28796225296192135,0.1552295801689454,0.2446374878646307,0.24362769761529846,0.26956586113494097,0.10972030975015856,0.20044887381850118,0.12443434716463264,0.23415131854847726
Qwen3-235B-A22B,17,0.1827956989247312,0.22146398248811144,0.28041043661101406,0.29889475853907665,0.17635601693812253,0.25269354185818027,0.23396110576366347,0.27457550477639925,0.1344220099377048,0.206962118175135,0.13304191206242577,0.22332242021953386
Qwen3-235B-A22B,18,0.1935483870967742,0.22074413983267394,0.2890190904261163,0.2838530947139557,0.1659695925340947,0.2608607569817385,0.24100284951105178,0.27885889280347986,0.12107557010971715,0.20683996033766916,0.12592824391338475,0.2340333469957
Qwen3-235B-A22B,19,0.20430107526881722,0.22801437990638837,0.2912097192376666,0.2874376686987169,0.18462672218362075,0.26531643912569813,0.25272178263621015,0.28569365874111685,0.12013806683770545,0.20993483457245576,0.13836295987240033,0.24470194715844695
Qwen3-235B-A22B,20,0.21505376344086022,0.2195045055818868,0.2903979320438441,0.26483559826460645,0.16830724320503954,0.25662205264708593,0.24795908700019764,0.2817357464807312,0.12329335065172786,0.20119077995818857,0.13644349126534028,0.2242597743022775
Qwen3-235B-A22B,21,0.22580645161290322,0.22357383841319808,0.28420888838041003,0.3030203741822576,0.16687427569865865,0.26156946981357954,0.25249475569753654,0.28310729229884735,0.1146128605625627,0.20313557510546776,0.13118489233026753,0.2355300000625482
Qwen3-235B-A22B,22,0.23655913978494625,0.22378803391225474,0.28820746044977563,0.28735239232570486,0.16073153780962857,0.2574728614211481,0.24836834232838778,0.27925744449028533,0.13036091947238437,0.21115740160005003,0.13263639626050927,0.24233558296483204
Qwen3-235B-A22B,23,0.24731182795698925,0.22206018352100082,0.2902337316186503,0.2896108203991492,0.16141311764184207,0.26126553053862855,0.23713723145851662,0.28735102341035534,0.10161658838144527,0.21219868909331263,0.1327820912493496,0.24699301141891805
Qwen3-235B-A22B,24,0.25806451612903225,0.22238719608023602,0.28806801989374586,0.29571848459978456,0.16100359320498392,0.2534915248307754,0.2661473794077799,0.2855666891050942,0.13087955811979457,0.19544873464204338,0.12690197758793786,0.22064599941058327
Qwen3-235B-A22B,25,0.26881720430107525,0.21737499751782363,0.28313472280028995,0.296025595479645,0.1538636409292916,0.2576088032859203,0.2577734316631225,0.2754227731870006,0.12944482424971626,0.18344081866763395,0.11654114480428057,0.22049422011149755
Qwen3-235B-A22B,26,0.27956989247311825,0.22102282158595105,0.29420786320008896,0.29591821086653014,0.15863490449984063,0.258117308330875,0.251851822604094,0.2825615986311586,0.13353837211444208,0.2018126024334045,0.10674543592756325,0.2268400972516793
Qwen3-235B-A22B,27,0.2903225806451613,0.21721461156528804,0.2711227914042139,0.2989310734232645,0.1366213745494852,0.2502905133065684,0.2475528515309885,0.28256300589273053,0.12241672451523089,0.20266717021827008,0.13037915881603523,0.22960145199626225
Qwen3-235B-A22B,28,0.3010752688172043,0.21246917838155363,0.27909158184803806,0.29528253183156117,0.15391414083677502,0.24826262070196092,0.24594784199977804,0.27468959334651477,0.12325878496762854,0.17484858336712672,0.10508500405518717,0.22431110086111372
Qwen3-235B-A22B,29,0.3118279569892473,0.20727023450697954,0.2737508051197872,0.27533349913336747,0.16573825784539797,0.21477637597502275,0.22264464463254163,0.27114102455261324,0.13034962253876825,0.1960506373747568,0.1077816387583489,0.2151358391393473
Qwen3-235B-A22B,30,0.3225806451612903,0.21613742877839473,0.28204636066339894,0.29164949822671193,0.16631587312639817,0.25383401731452415,0.24410737105456293,0.2717057940236125,0.11627199132596888,0.19007308260784728,0.10475568823622616,0.24061461120484617
Qwen3-235B-A22B,31,0.3333333333333333,0.21089995797064187,0.2936724233146998,0.2974949202025434,0.15009876956872603,0.2527673648011646,0.23240566380935823,0.2623544095138214,0.1330821650253189,0.17092791646459937,0.09852096964457935,0.21767497736177088
Qwen3-235B-A22B,32,0.34408602150537637,0.20555668014550027,0.28870296415351837,0.29682041105127344,0.14047494039093522,0.2227727344641428,0.245782342595936,0.26418194662143857,0.13871728914145243,0.1778788880420552,0.06848055866914149,0.21175472632527248
Qwen3-235B-A22B,33,0.3548387096774194,0.21247140983557733,0.27901743243723154,0.2841275750858986,0.13741516267670328,0.2417325998548091,0.24790238395644848,0.26597539264315273,0.12540473506229144,0.19314008660031512,0.12076844565953615,0.22923028437954418
Qwen3-235B-A22B,34,0.3655913978494624,0.2087179106178679,0.2812367540377143,0.2730685794056933,0.14769348783057168,0.23765656044705197,0.24278236474800985,0.2635252810333837,0.1289909948405591,0.17806612574956948,0.09678109081760189,0.23737786726869192
Qwen3-235B-A22B,35,0.3763440860215054,0.19511041465218076,0.2697282098153094,0.2921442316352143,0.13572426524902692,0.2455322961679639,0.25063149813467334,0.27411115667315167,0.06465105423084128,0.18864437951883506,-0.0037533607345709985,0.23369041583152894
Qwen3-235B-A22B,36,0.3870967741935484,0.21363869428273863,0.2859374007437302,0.2984528575108025,0.13653635257829888,0.2638042332901974,0.24733313535208712,0.27683714297719353,0.13194968267624496,0.16997045442932224,0.11095005157137272,0.21461563169829023
Qwen3-235B-A22B,37,0.3978494623655914,0.21165847727588788,0.28468324285380076,0.3021621199153136,0.13452421657346592,0.22874245849448238,0.24858709067960105,0.27010881878911575,0.13211207691548377,0.1726168217877072,0.09823850104638954,0.24480942570369957
Qwen3-235B-A22B,38,0.40860215053763443,0.20374612530570432,0.2772269548748455,0.29330119065947,0.11958454727293077,0.23583117562167277,0.2206150114503439,0.26159081920494187,0.11676665110751394,0.18418035546288347,0.10220125779075251,0.22616328961184562
Qwen3-235B-A22B,39,0.41935483870967744,0.21157317020494215,0.2811204315736746,0.28699087094069964,0.12785170384955324,0.2571518619124685,0.23266571142604864,0.270113670661667,0.12631823790180263,0.193229055355149,0.09761143655411886,0.24267872187439787
Qwen3-235B-A22B,40,0.43010752688172044,0.21036482855827238,0.26665205229722877,0.2999168695622988,0.16325812051648136,0.23576179015934862,0.24140939918984905,0.254188746676424,0.1286198249495062,0.20011549908694193,0.09403241061205081,0.2196935725327539
Qwen3-235B-A22B,41,0.44086021505376344,0.2042128153313282,0.26470760694502526,0.2716194645407022,0.13927693848764922,0.22661927600629173,0.2440790643864097,0.26839472749555404,0.10172146302916285,0.1671368842908011,0.11434319970167506,0.24422952843017387
Qwen3-235B-A22B,42,0.45161290322580644,0.21632073724054474,0.28241215932682273,0.2974913945626344,0.1541907790449235,0.25567091041718937,0.2306518087241669,0.27576797367276396,0.13734329535534295,0.18520127573788148,0.10253000760711728,0.24194776795675432
Qwen3-235B-A22B,43,0.46236559139784944,0.2045221246066439,0.27431056180838087,0.274285973169365,0.13889619650002916,0.2140254204993267,0.21190849437626968,0.27101494972993656,0.11126508803059454,0.20590302238860092,0.1003452805471362,0.24326625901696197
Qwen3-235B-A22B,44,0.4731182795698925,0.20806542099229136,0.2849285901830376,0.2978704337275315,0.12614280185459836,0.22715093159213795,0.23259819904615764,0.2802034598756894,0.10802414368350499,0.19619747210788085,0.09717425121843093,0.2303639266341101
Qwen3-235B-A22B,45,0.4838709677419355,0.20830615904952365,0.28569521930704234,0.28673633420455846,0.14883320028351232,0.23644261043659054,0.22247462044955746,0.2780263513812268,0.09123467501847093,0.19580204578159688,0.0853979183436554,0.25241861528919984
Qwen3-235B-A22B,46,0.4946236559139785,0.20383286751856558,0.24508264210695196,0.298841960729356,0.14950499557594377,0.23838131542631213,0.2171600184804653,0.2509805859791395,0.12452626126535193,0.20587525913941562,0.08216105238856797,0.2258145840943151
Qwen3-235B-A22B,47,0.5053763440860215,0.20802120720833955,0.27433112106923674,0.3041609632346083,0.14404474906928622,0.24777947941710676,0.2089264120080132,0.26188029494439624,0.10677427030890718,0.19169094015255528,0.11807804872210714,0.2225457931573337
Qwen3-235B-A22B,48,0.5161290322580645,0.20468318244559539,0.2796717411151991,0.3121155942550622,0.14876625335223215,0.2246141022133724,0.21298846287078144,0.2562408626663919,0.07869449597372902,0.17208996555203082,0.11245347647520199,0.24919686998210677
Qwen3-235B-A22B,49,0.5268817204301075,0.2044823407516267,0.27694472402301884,0.3033566607419165,0.1358940044834619,0.24199265471171072,0.2311902794293773,0.2663902889630675,0.10881061294822436,0.1808644299958616,0.07988990494619053,0.21948984727358722
Qwen3-235B-A22B,50,0.5376344086021505,0.203683520450396,0.2844620341358236,0.26557830584463216,0.13764669174743305,0.22251057686873532,0.23479190319675913,0.27736432694185187,0.11495577885272767,0.18355997346425812,0.07107213598885986,0.24489347746303847
Qwen3-235B-A22B,51,0.5483870967741935,0.20810580713173782,0.28322320735650086,0.3006777707117769,0.10620613301142989,0.23328064443878405,0.2419940857489069,0.2803536589543876,0.1166754375612662,0.18660669449637546,0.09027559766929683,0.2417648413688238
Qwen3-235B-A22B,52,0.5591397849462365,0.21196826061453344,0.2829774209501733,0.2754750195268709,0.16493332050398102,0.23690132207047965,0.24085292065998998,0.2638900635842195,0.13452562126812284,0.19950153904469714,0.08084242950541642,0.23978294903155573
Qwen3-235B-A22B,53,0.5698924731182796,0.21151377376441424,0.27522076641389903,0.2844319542826086,0.1628015588420666,0.23598734146641254,0.24106463662066513,0.28887172818177553,0.11038959498715062,0.1932610183760216,0.07886907205355231,0.24424006642015483
Qwen3-235B-A22B,54,0.5806451612903226,0.19496092058340403,0.283499692329388,0.3008562828031518,0.1351667619502731,0.22275129459311838,0.23848065585147904,0.27891286044267904,0.11538992094897249,0.10662494988783289,0.01895539255412848,0.2489713944731804
Qwen3-235B-A22B,55,0.5913978494623656,0.20743342581575278,0.27363968182851206,0.29262710498554234,0.1723429699641369,0.2208307405161909,0.20037496147716427,0.26054445510626023,0.12128883441922966,0.1963672223453885,0.10454743615037065,0.23177085136489706
Qwen3-235B-A22B,56,0.6021505376344086,0.2057833221309358,0.29169884727994033,0.294400616978729,0.15293862980591755,0.21735847827700328,0.21045924113469605,0.2734025900771436,0.10630070472643749,0.172649824709744,0.0971686129208259,0.24145567539908597
Qwen3-235B-A22B,57,0.6129032258064516,0.21105006077798816,0.29634242409526435,0.29621114823137007,0.14825746451813937,0.22771806369106917,0.24389336179249166,0.2699605599763427,0.10701062344606826,0.17831975956306823,0.08743996402117071,0.2553472384450629
Qwen3-235B-A22B,58,0.6236559139784946,0.19904748366036484,0.28833861092729884,0.2571259016320976,0.14908991185433673,0.20424074588312757,0.2366661561922414,0.26206775683728134,0.11197176920596108,0.17963205537876203,0.08352179898641932,0.2178201297062906
Qwen3-235B-A22B,59,0.6344086021505376,0.2008010563927823,0.28589935187158166,0.26636338681586225,0.13829940909952665,0.20464671001554258,0.21549426031662477,0.259345945043306,0.13309569443166047,0.18357493979174133,0.09323862412099249,0.22805224242115996
Qwen3-235B-A22B,60,0.6451612903225806,0.19624292200767685,0.28498688283671303,0.2784035038954187,0.14245374979596137,0.21218174431578818,0.19663383835474835,0.2669394201451093,0.08814970502722475,0.17226241403128395,0.0682306211639393,0.25218734051075364
Qwen3-235B-A22B,61,0.6559139784946236,0.2000208153293556,0.2715763083839451,0.29769933174176744,0.13416433287269924,0.2301486392784492,0.21357845539268505,0.25602678109936206,0.11258235967227925,0.17526242927919877,0.07787981808939615,0.23128969748394024
Qwen3-235B-A22B,62,0.6666666666666666,0.20030141165570242,0.28602565027629867,0.2760563580248452,0.12895873026008176,0.21679637677861308,0.22467691001658674,0.2764642247404028,0.11711901708771444,0.1608058249743538,0.0670322218928121,0.2490788025054802
Qwen3-235B-A22B,63,0.6774193548387096,0.19634187429779454,0.26719793297117456,0.2561104495508174,0.14132430711689392,0.22579626152186438,0.22299008061540304,0.25830513518009035,0.11278813721934389,0.17879555379634626,0.059279600034575664,0.24083128497159678
Qwen3-235B-A22B,64,0.6881720430107527,0.19553838852746602,0.2754577530873469,0.26348542385700113,0.12427921855550061,0.2155569248416357,0.2373556825212747,0.2602370012466291,0.12061455680094513,0.19663701452337778,0.03831872172431183,0.22344158811679882
Qwen3-235B-A22B,65,0.6989247311827957,0.20535321153873792,0.27732259452049546,0.29041396479185455,0.15132208156714355,0.22772441963562007,0.23322153713567118,0.2602898150806886,0.10197441133562801,0.17814794766285635,0.09627056050261196,0.2368447831549677
Qwen3-235B-A22B,66,0.7096774193548387,0.1887222867593546,0.2628413023209186,0.2677993708403754,0.1426065718019498,0.20615287215701927,0.20779590303698592,0.23855638916802724,0.09685388191910471,0.15804508179663224,0.08769123643897447,0.2188802581137278
Qwen3-235B-A22B,67,0.7204301075268817,0.19725124757072549,0.27416570014377994,0.2576735530449372,0.1340935915311322,0.20132897095378033,0.22772957068504385,0.27162788288266193,0.1022564241949131,0.19163901375390002,0.07835744771544906,0.23364032080181663
Qwen3-235B-A22B,68,0.7311827956989247,0.18929455943196402,0.2466316359783305,0.2891183295133605,0.15174433662795161,0.20214790401300176,0.2263026231445523,0.2022093975688929,0.09182107114237081,0.17167390998586163,0.08285762482945569,0.22843876151602938
Qwen3-235B-A22B,69,0.7419354838709677,0.19487215396027807,0.2750035716027205,0.28235107275726457,0.11872854170768943,0.21621815831974478,0.22002672548026692,0.2733948783723892,0.07857235583478417,0.16672737050889386,0.0652802336016578,0.25241863141752996
Qwen3-235B-A22B,70,0.7526881720430108,0.19424194087192354,0.2778600460759104,0.292211154915787,0.13073144830517036,0.20806864485330245,0.2155926720096183,0.2720356838917698,0.07541281080557927,0.18194409363592146,0.059458128378216624,0.22910472584811692
Qwen3-235B-A22B,71,0.7634408602150538,0.1885995223713998,0.2648728530728145,0.27267439629484136,0.11474890922295977,0.20043473408374113,0.2048277892772309,0.2590779099023769,0.09579785161598897,0.1850466359565739,0.06094950029392332,0.22756464399370901
Qwen3-235B-A22B,72,0.7741935483870968,0.1862596609582739,0.27403019733535927,0.2677914128288714,0.12536567462588444,0.2001056740034709,0.2212031225612997,0.2682513533793556,0.06278439477762843,0.16148724699068084,0.05715756135747496,0.22441997172288286
Qwen3-235B-A22B,73,0.7849462365591398,0.18642992588958207,0.27562644584992113,0.2608968425988627,0.14269970083554273,0.22390203292901356,0.198715354010224,0.26096578418604477,0.06969029256944903,0.16965057046377652,0.04441034282164902,0.21774189263150723
Qwen3-235B-A22B,74,0.7956989247311828,0.18457461802090663,0.2763698675743842,0.28156625223048515,0.11626012482119341,0.17999439087543867,0.21814117281625023,0.2619379099870375,0.07679999363372347,0.16209659380218788,0.05142488238485765,0.22115499208367873
Qwen3-235B-A22B,75,0.8064516129032258,0.18403643882627302,0.27014774333730307,0.2840480962754237,0.10972510597825602,0.1822229543166215,0.21827689469573008,0.26074475238433226,0.08541820172915493,0.16365651554519822,0.0503719749427024,0.2157521490581874
Qwen3-235B-A22B,76,0.8172043010752689,0.16212662382510926,0.26436848350532505,0.26602106495966893,0.10140713266921464,0.18300752742189919,0.18722180019366375,0.2596961431324415,0.026046168314009743,0.13825714810372547,-0.01567187325256425,0.2109126432038797
Qwen3-235B-A22B,77,0.8279569892473119,0.17314905158179023,0.2665362794884937,0.2724989467715191,0.10100789873791227,0.2023488305242218,0.20118293360913442,0.26324540269356733,0.03934891750382541,0.15198877488053042,0.014068527681093235,0.21926400392777612
Qwen3-235B-A22B,78,0.8387096774193549,0.1558098353380558,0.25705699015917527,0.25602099228009045,0.06330121200586514,0.18619208395716025,0.1682100947534222,0.23877619983701237,0.04594090852509791,0.13070008608769634,0.007467693469957348,0.20443209230523685
Qwen3-235B-A22B,79,0.8494623655913979,0.15371826120844226,0.25661782576557535,0.25367735681863335,0.08540352702212806,0.18231102174516378,0.15924897462542809,0.24280545714107227,0.028586273116257388,0.10399092929978593,0.005976014589054945,0.21856523196149635
Qwen3-235B-A22B,80,0.8602150537634409,0.13613940627223478,0.21553967162320253,0.24071360721273727,0.07239391668652606,0.17217217887627734,0.15611553770879594,0.2155243289465073,0.016123791097437445,0.11861261539226697,-0.008897694904812514,0.16309611008359282
Qwen3-235B-A22B,81,0.8709677419354839,0.13284048910551374,0.23981381156052384,0.2303280431771334,0.04617212199163734,0.15886587680009745,0.15099034905895425,0.18644199979898302,0.04294156718456854,0.10052328840361502,-0.010820371964650022,0.18314820504444895
Qwen3-235B-A22B,82,0.8817204301075269,0.11179472204870104,0.2082507758014276,0.22057966700353648,0.037588034903570766,0.13672941117654103,0.14092119488873767,0.16933006571393783,0.0015953260129254465,0.05821612481475413,-0.028302906417036144,0.1730395265887963
Qwen3-235B-A22B,83,0.8924731182795699,0.08940091325065815,0.20688954178276642,0.2078042892566666,-0.02010777118815965,0.13735297960587933,0.085621391374883,0.18281907914175177,-0.01932613444219089,0.07065322894269455,-0.08451179163146438,0.12681431966392176
Qwen3-235B-A22B,84,0.9032258064516129,0.07592339501936503,0.19609043424671313,0.1926650412098624,-0.014905659770183766,0.11191542498109763,0.11527246359335375,0.16257860577008498,-0.0028456657799269536,0.06720833719786257,-0.1955135973558102,0.12676856610079623
Qwen3-235B-A22B,85,0.9139784946236559,0.06929973788312704,0.17565103762093282,0.196546862187022,-0.041456464398645476,0.11618953759680284,0.08313244178033208,0.1140688557529761,-0.021841832381126913,0.04291502488225696,-0.0849258613751478,0.11271777716605924
Qwen3-235B-A22B,86,0.9247311827956989,0.04311259714351038,0.1888110187317582,0.1860983134374875,-0.11608290022466128,0.0947041256088752,0.06429936196096697,0.13877403496649976,-0.0565134143486945,0.06927175227237281,-0.23110504810868004,0.09286872713938765
Qwen3-235B-A22B,87,0.9354838709677419,0.034917167968179307,0.1906360544600073,0.1868803839993588,-0.05723486451870419,0.09538956018212263,0.02303715082787461,0.12617122560889837,-0.11516129772000183,0.0410650657868602,-0.22080098897866196,0.07918939003423708
Qwen3-235B-A22B,88,0.946236559139785,0.011886721438560965,0.1406057147977381,0.16689752947644587,-0.07261211358657027,0.06588408410018043,0.04945593068190646,0.13747027679783108,-0.14080830539459255,-0.04351579372475545,-0.22620746824960292,0.0416973594872414
Qwen3-235B-A22B,89,0.956989247311828,0.0012737824651869456,0.13601396374492314,0.1412737526345742,-0.08155250185477403,0.03892097666816663,-0.04994705202198246,0.1117887668572094,-0.1446627256879991,0.011362531823921773,-0.2375309223368549,0.08707103482489342
Qwen3-235B-A22B,90,0.967741935483871,-0.009601609301963177,0.13888073667857503,0.15326059736897035,-0.10216885227707317,0.05760825951838533,0.02300983253753419,0.08125356642387349,-0.17783391718717212,-0.07538190224336727,-0.20071539151257212,0.006070977673413469
Qwen3-235B-A22B,91,0.978494623655914,-0.08074618636124734,0.12371567030900155,0.13775528669189996,-0.2108754068759997,-0.026844338248201982,-0.14295402872581953,0.04548196822686679,-0.23647638944102578,-0.10499127202557923,-0.3778986357793108,-0.014374717744111143
Qwen3-235B-A22B,92,0.989247311827957,-0.10723396389218838,0.10577596328809225,0.12449706410618888,-0.19443739856443987,-0.07337058282222553,-0.0985725852841619,0.014032295143223128,-0.3607480309680402,-0.17430268385128111,-0.32180806902288706,-0.0934056109461372
Qwen3-235B-A22B,93,1.0,-0.266633011190646,0.025696164979199687,0.018221697935596914,-0.40232288664094074,-0.20290970119034735,-0.25208316971728273,-0.13021292591452593,-0.577729529600997,-0.2609806352440327,-0.6598831529622389,-0.2241259735506249
Qwen3-235B-A22B-Instruct-2507,0,0.0,0.16772810814926342,0.20248196348241765,0.20767799678011256,0.12607162170899122,0.22572722726910954,0.164545335801627,0.2208144464072057,0.12038099657603885,0.1616754202329227,0.09644378212750837,0.1514622911068807
Qwen3-235B-A22B-Instruct-2507,1,0.010752688172043012,0.1778318950571378,0.21838486227949916,0.2118256892966912,0.13399573921689523,0.23944044614061588,0.18164975955008744,0.2284162297431157,0.12340409497526061,0.1653284832262122,0.11356943266864239,0.16230421347453527
Qwen3-235B-A22B-Instruct-2507,2,0.021505376344086023,0.18339227918225953,0.22728939263153503,0.21569674876263312,0.1381407664117027,0.24586469232506436,0.20679573095518355,0.23504257510332627,0.12226183013509373,0.14866790376060135,0.11539106174875813,0.1787720899888624
Qwen3-235B-A22B-Instruct-2507,3,0.03225806451612903,0.18964880891716318,0.22981165593829855,0.2345526337908942,0.14225701492768272,0.2527592622496615,0.22463336803995748,0.23302853721156847,0.1264708422745522,0.15214633623416496,0.12253594262881151,0.1782924958762112
Qwen3-235B-A22B-Instruct-2507,4,0.043010752688172046,0.19545296264949427,0.2491003412177749,0.22979496333059257,0.1525778486375965,0.25309643211007904,0.23091623306618247,0.23588447279404867,0.13021259757538017,0.1632037918131083,0.11724769881342068,0.19249524713692767
Qwen3-235B-A22B-Instruct-2507,5,0.053763440860215055,0.2046382605225169,0.25938593221660977,0.24493729752209414,0.15170231322036742,0.24916762287176364,0.23522130104560668,0.2524911787170874,0.1317233015745637,0.18550894324213085,0.13582136994188032,0.20042334487323876
Qwen3-235B-A22B-Instruct-2507,6,0.06451612903225806,0.2094414399113405,0.2641792091054882,0.2591822569779304,0.1603652731680315,0.2563095888518305,0.24000770998749443,0.2529670019378458,0.1350928581644889,0.18298306397328745,0.13956993604276613,0.20375750090441536
Qwen3-235B-A22B-Instruct-2507,7,0.07526881720430108,0.21165453373750634,0.2746007114360597,0.2613368162573704,0.16549130645498522,0.26332190558974733,0.24169443011980685,0.25285672837986917,0.12696982759143216,0.1877857253297638,0.14483572429303737,0.19765216192315738
Qwen3-235B-A22B-Instruct-2507,8,0.08602150537634409,0.21201849166687695,0.2637293240189409,0.2588161508900597,0.16435679488605415,0.2592429637939959,0.23741590275033753,0.2543827165966427,0.13437225939782904,0.1858449204866669,0.14860831743982827,0.21341556640857773
Qwen3-235B-A22B-Instruct-2507,9,0.0967741935483871,0.21573695870902618,0.28307730960776467,0.2655719806568908,0.1745917112954709,0.24691973668807077,0.23879893616265202,0.2621333916903227,0.14109513087932934,0.19473123182965435,0.13716350392770793,0.21328665435254612
Qwen3-235B-A22B-Instruct-2507,10,0.10752688172043011,0.21906466820807421,0.2821408318440779,0.27127822940107793,0.16988114929431086,0.25849819154949505,0.24548630589368758,0.2685746069605507,0.14384416352558338,0.19889555148117333,0.14076599136761947,0.21128166076333466
Qwen3-235B-A22B-Instruct-2507,11,0.11827956989247312,0.22341726656747696,0.2821257330841529,0.27527785126111826,0.17133461961039786,0.2647320629201807,0.2439750970312604,0.2790801052986981,0.12873773188006166,0.2155434503390985,0.15097709386482094,0.2223889203851417
Qwen3-235B-A22B-Instruct-2507,12,0.12903225806451613,0.2235086561545518,0.27191137679071264,0.285871835872068,0.18267255434382856,0.25444221178933724,0.24273384173615653,0.2764638831150459,0.14396242885002908,0.20188795165247553,0.14873347893541367,0.2264069984606153
Qwen3-235B-A22B-Instruct-2507,13,0.13978494623655913,0.22456894800455895,0.28551350076061244,0.2700593623120435,0.18791287486974573,0.26542686758365963,0.24796608702821366,0.2751693991625861,0.1361567624286032,0.20353192242225715,0.1471387621505289,0.2268139413275081
Qwen3-235B-A22B-Instruct-2507,14,0.15053763440860216,0.22909608146516844,0.28518840756573416,0.2980188512907347,0.1947775313487924,0.2638123268337128,0.24112606549188764,0.2804630651336947,0.14254871282095893,0.21237914851932616,0.14444566464603126,0.2282010410009645
Qwen3-235B-A22B-Instruct-2507,15,0.16129032258064516,0.22804578381260415,0.28711366476901556,0.2844197585700129,0.1961697849812717,0.2389124197223671,0.2526696309357668,0.2740058393560788,0.1395432709737704,0.2116683602008993,0.15713650812972346,0.2388186004873073
Qwen3-235B-A22B-Instruct-2507,16,0.17204301075268819,0.22845960066756515,0.29107171565983214,0.28413141448070434,0.19252972028473525,0.2383845887635071,0.25689888429215324,0.29454637063258693,0.1496110806007459,0.19976826611537268,0.1381497566521035,0.23950420919407067
Qwen3-235B-A22B-Instruct-2507,17,0.1827956989247312,0.23223674082510323,0.29361412354804395,0.28949132889194307,0.18677148987845082,0.26469267203127456,0.254809399357356,0.2879761576366152,0.15492648340805604,0.20891266481768378,0.13803479172791422,0.24313829695385514
Qwen3-235B-A22B-Instruct-2507,18,0.1935483870967742,0.22838967313267258,0.2885685060601797,0.29401271317480016,0.17261166645045312,0.23847398511855178,0.2628971734454586,0.2854706238994813,0.136548901175223,0.21143878274287664,0.1553631137860615,0.23851126547380486
Qwen3-235B-A22B-Instruct-2507,19,0.20430107526881722,0.23011797952125668,0.29066377608239713,0.289012433182111,0.18775210469443715,0.2470101447258135,0.2472970984128795,0.2941732304940913,0.14523808957945405,0.21572964820720442,0.13604177043320864,0.24826149940111208
Qwen3-235B-A22B-Instruct-2507,20,0.21505376344086022,0.2332786234495158,0.2924864708746463,0.29464393063172334,0.19087473633734942,0.2391791482010026,0.26773046025218283,0.2947731804903734,0.13867556889822252,0.21585122831390235,0.14392209939591627,0.25464941109999495
Qwen3-235B-A22B-Instruct-2507,21,0.22580645161290322,0.22670102812831075,0.289428931583227,0.2835511449403194,0.18555431053210503,0.24234790421764063,0.2520357930153433,0.2814665818330607,0.14077460148036303,0.214912257268561,0.13934419251719465,0.2375945638954562
Qwen3-235B-A22B-Instruct-2507,22,0.23655913978494625,0.23180687681101997,0.2922513505548735,0.28926100225512263,0.18417018599310886,0.25604844332758414,0.2597829232639096,0.3014721936316527,0.12037087226112841,0.21188188920698092,0.1445680403064591,0.2582618673095244
Qwen3-235B-A22B-Instruct-2507,23,0.24731182795698925,0.23151250382964825,0.2945088533288417,0.28712602952223876,0.16964669904192364,0.24920133084389662,0.2611211349099437,0.3042976137238672,0.1430250314883741,0.22399224614623714,0.13657752285154667,0.24562857643977665
Qwen3-235B-A22B-Instruct-2507,24,0.25806451612903225,0.22558859246134308,0.29242748150663267,0.2843746097448919,0.17577207743973,0.24617423303102914,0.25539308539211436,0.2957796810351846,0.1314583155421023,0.2052467866361628,0.11581587471923205,0.25344377956650566
Qwen3-235B-A22B-Instruct-2507,25,0.26881720430107525,0.22797852015400685,0.28939837846157546,0.2940053502592641,0.17441498128979593,0.26141487689178355,0.2548570184964791,0.29735676591173,0.1393001846790659,0.20811703774914192,0.12900723811147574,0.23191336968991483
Qwen3-235B-A22B-Instruct-2507,26,0.27956989247311825,0.22491966192041118,0.29454824436256244,0.28989507951843796,0.1632839718310709,0.2676605900805912,0.24156759756830004,0.29962364187765667,0.12862444933908412,0.19499255032935392,0.1175587888432631,0.25144170545395816
Qwen3-235B-A22B-Instruct-2507,27,0.2903225806451613,0.22195379214614772,0.29016985186442257,0.29241465510002884,0.1750849523885568,0.26168758068197073,0.21753420923142464,0.26980326047814174,0.1524615697128695,0.1875444903289063,0.1303092398251139,0.24252811185020373
Qwen3-235B-A22B-Instruct-2507,28,0.3010752688172043,0.213111411184993,0.29042151903260127,0.2873887277906003,0.16551121781582934,0.24115532048457844,0.23734385672440428,0.2769683023415265,0.13845572846999143,0.18683922911560813,0.10344915395939025,0.20358105611556665
Qwen3-235B-A22B-Instruct-2507,29,0.3118279569892473,0.2116003156761964,0.29923617798374724,0.2910014458826814,0.14873628653877935,0.251443082987561,0.25805639565509875,0.2790042936050616,0.10265340120694355,0.1412714954846459,0.10886686591367345,0.23573371150393108
Qwen3-235B-A22B-Instruct-2507,30,0.3225806451612903,0.21876363174096225,0.2961821213285257,0.2867437230777159,0.1614360969965971,0.24847633925975388,0.2431570722281372,0.28658371812475014,0.13213827252562782,0.17978787127177565,0.10919114769465921,0.24393995490223064
Qwen3-235B-A22B-Instruct-2507,31,0.3333333333333333,0.21373384671360257,0.2897853366806622,0.2882803639153142,0.15117948956370664,0.25624084884158027,0.23248777231383533,0.26811582710021975,0.1385728875443748,0.18176667341371588,0.09602908644607078,0.23488018131671085
Qwen3-235B-A22B-Instruct-2507,32,0.34408602150537637,0.21163763868799773,0.25343525615857465,0.2887553930261022,0.15394300834433505,0.21789714381621017,0.22142680866537756,0.2782956551215995,0.14775010161633306,0.18994639079818942,0.12099704821171398,0.2439295811217047
Qwen3-235B-A22B-Instruct-2507,33,0.3548387096774194,0.21414792645396244,0.2976085206310951,0.28521434338925566,0.15337162966641016,0.2566687388180383,0.21553253271485695,0.2740210720439027,0.12363409549497872,0.19001039083054372,0.12590737542611485,0.2195105655245725
Qwen3-235B-A22B-Instruct-2507,34,0.3655913978494624,0.21153323266285132,0.28927391784131895,0.287714471566363,0.13559448795660178,0.2557176689311764,0.24056327544968947,0.26858340927277535,0.12525725563730805,0.17922799254445887,0.11572423476281646,0.21767561266618363
Qwen3-235B-A22B-Instruct-2507,35,0.3763440860215054,0.207203454937462,0.27283831507650724,0.2562646217981275,0.14723213248681966,0.2340629870317784,0.25528984551448597,0.2548135024216467,0.12833268585805313,0.17512004653819102,0.11978101893068771,0.22829939371848307
Qwen3-235B-A22B-Instruct-2507,36,0.3870967741935484,0.21514700324816535,0.29343213487224684,0.28545292218174567,0.13827079203858872,0.253217687407443,0.23534997715664163,0.2759489460381894,0.10672244978832024,0.19426865932540216,0.13054746682753426,0.23825899684570062
Qwen3-235B-A22B-Instruct-2507,37,0.3978494623655914,0.21999020118827844,0.29373891624697934,0.29991995513757486,0.1506545015958094,0.2495141642695099,0.2443427079704238,0.286222639879783,0.12356962315803799,0.1893615811342666,0.12145480151362331,0.2411231209769351
Qwen3-235B-A22B-Instruct-2507,38,0.40860215053763443,0.21816813235331942,0.29304706866268126,0.28445944728695005,0.15098624908025604,0.24839574053096825,0.234769853902846,0.27877965879626454,0.1484504331963522,0.16083180104534966,0.13689972364765157,0.2450613473840284
Qwen3-235B-A22B-Instruct-2507,39,0.41935483870967744,0.21556346630669382,0.29046626050256197,0.30492081848659935,0.17008639639203427,0.2090226867693753,0.23556373120874308,0.26305749382245913,0.12587401911454021,0.18878537101701054,0.12605394327018926,0.24180394248358095
Qwen3-235B-A22B-Instruct-2507,40,0.43010752688172044,0.21650402647639747,0.2870156169248268,0.29403468540808186,0.15493530538200861,0.24197621551673643,0.23017915252960164,0.28014586072591807,0.1277439773058856,0.19334587233034606,0.10471712486178875,0.25094645377894176
Qwen3-235B-A22B-Instruct-2507,41,0.44086021505376344,0.2129617776751393,0.2601241777790164,0.29789892731834045,0.15766366141691157,0.24779333747929844,0.23530483704579808,0.2814391120160571,0.12715641889439,0.16028869416848068,0.11736329283872193,0.24458531779453285
Qwen3-235B-A22B-Instruct-2507,42,0.45161290322580644,0.21509138662404922,0.2811913123668127,0.28786565986069423,0.15414881989936036,0.24224746905217676,0.2217343442609343,0.2835910596418597,0.14369354271969437,0.17969824933194012,0.11651502835155658,0.24022838075562392
Qwen3-235B-A22B-Instruct-2507,43,0.46236559139784944,0.21008757619959142,0.28352390015572604,0.2784739276426955,0.1498080869296321,0.22544667289740372,0.2380360931717862,0.2664843905683645,0.14454824241900044,0.186064141137815,0.0818000794681153,0.2466902276055365
Qwen3-235B-A22B-Instruct-2507,44,0.4731182795698925,0.211591556372561,0.24893928928174025,0.3029061207516822,0.15287194872487997,0.24618832995738782,0.21669386342458852,0.2847548541759517,0.13410368448840582,0.1903092857678177,0.10977567652005704,0.22937251063324882
Qwen3-235B-A22B-Instruct-2507,45,0.4838709677419355,0.2054643473518476,0.2631002031122689,0.2998324236163329,0.14991981860434778,0.24690212919972365,0.20180739108556278,0.2815127438890995,0.11785697772859705,0.16125259179387075,0.09355038312827257,0.23890881136057152
Qwen3-235B-A22B-Instruct-2507,46,0.4946236559139785,0.2111746571551115,0.28255299166477443,0.29421477200775414,0.12053223841496097,0.2498919764137122,0.22750870912862287,0.2764335821695497,0.13223810605241348,0.18769321247749593,0.10250682375787024,0.2381741594641138
Qwen3-235B-A22B-Instruct-2507,47,0.5053763440860215,0.20897417605140536,0.2785439546137882,0.29673628281299735,0.14917586727760068,0.23854780860335845,0.22608414114788722,0.27854822262366263,0.09325398534298524,0.1965111972717547,0.09160436965733865,0.2407359311628413
Qwen3-235B-A22B-Instruct-2507,48,0.5161290322580645,0.20860969057050122,0.2703904308977575,0.3065586375158764,0.15197465950151534,0.22370216031843915,0.21362697661049135,0.2851713554980364,0.11110985338794255,0.17451140858359737,0.1029463726734523,0.2461050507180672
Qwen3-235B-A22B-Instruct-2507,49,0.5268817204301075,0.21024605487302503,0.2695437578351785,0.29651739474425143,0.1405510354719851,0.23880161857506688,0.235360169065727,0.28595536178753034,0.10793277549534286,0.18780394941253675,0.10593831340750504,0.2340561729352889
Qwen3-235B-A22B-Instruct-2507,50,0.5376344086021505,0.21415727385090305,0.3016353318375665,0.2929349351528179,0.15724392008248822,0.25312038048802943,0.2452945080775527,0.27942349309184955,0.1311896427749194,0.17741171692440183,0.09482853753840836,0.20849027254115793
Qwen3-235B-A22B-Instruct-2507,51,0.5483870967741935,0.21359893863671964,0.299546299282035,0.28460149246567323,0.16395105232431695,0.23403373550086892,0.22691600896175967,0.28744148548504367,0.12187856565970168,0.1866117178995783,0.10038038281996864,0.23062864596840282
Qwen3-235B-A22B-Instruct-2507,52,0.5591397849462365,0.2102091973044015,0.29003203795244714,0.28323633101756684,0.11385812548545571,0.24124755920746166,0.241715278378137,0.2797542522026324,0.1269050133479538,0.1884946526583735,0.09028987817734813,0.2465588446167981
Qwen3-235B-A22B-Instruct-2507,53,0.5698924731182796,0.20718670935271075,0.28406112886607315,0.2887226989651245,0.14676281050223017,0.22959195122684262,0.2252816696819392,0.28016772578799687,0.09520033250341586,0.19044978198791218,0.10132118938688128,0.23030780461885392
Qwen3-235B-A22B-Instruct-2507,54,0.5806451612903226,0.20965900528564618,0.2611449296943621,0.28882417652970527,0.1628986007019796,0.23482859946885482,0.22659894361212274,0.29013593426479567,0.12265532928417,0.172471974225326,0.08788601585865863,0.24914554921665744
Qwen3-235B-A22B-Instruct-2507,55,0.5913978494623656,0.2069385795612313,0.28281946232681776,0.2996428134238156,0.13763500177954946,0.23954098699859694,0.21764599940009088,0.2844227572537765,0.08932793612772738,0.1965753350338607,0.08778087659550238,0.23399462667273385
Qwen3-235B-A22B-Instruct-2507,56,0.6021505376344086,0.21145142643434892,0.26775406010316716,0.29895251545314805,0.16609434189875927,0.23990274695569036,0.22702102943883584,0.2821013379498972,0.11283609952085139,0.18663424471217194,0.10829249283456377,0.22492539547656354
Qwen3-235B-A22B-Instruct-2507,57,0.6129032258064516,0.20560633194533776,0.30200062906053937,0.29353685953055186,0.13839377231511252,0.2364758123127263,0.2459133931253935,0.2793961183034406,0.08075115134483968,0.1733037088082553,0.09119628603514107,0.2150955886175454
Qwen3-235B-A22B-Instruct-2507,58,0.6236559139784946,0.2054259031546855,0.28999621804058684,0.2643015493253623,0.17699525607415678,0.2149113536311834,0.244132284140832,0.2870025821996006,0.11740145142325331,0.15673529992521273,0.08358268561558779,0.2192003511712559
Qwen3-235B-A22B-Instruct-2507,59,0.6344086021505376,0.21269733895481435,0.29320961159739456,0.28624738418656503,0.13086203979365874,0.24762742619701306,0.22962877193114217,0.27304031920424143,0.13001897364371773,0.19931541641665196,0.09089351162441117,0.24612993495350444
Qwen3-235B-A22B-Instruct-2507,60,0.6451612903225806,0.2073002480892175,0.29034436839209077,0.27832142377994185,0.15394065337090035,0.24145526602353795,0.23651112342771885,0.28572110136534434,0.11145660693952097,0.18131946460056791,0.0721240646122121,0.2218084083805113
Qwen3-235B-A22B-Instruct-2507,61,0.6559139784946236,0.21141900423675528,0.2683052438243283,0.3047151199314231,0.1367880510229741,0.23288859286454544,0.24847411338800807,0.28637980619663106,0.12641074826208898,0.18445372535356097,0.08206051970759909,0.24371412181655905
Qwen3-235B-A22B-Instruct-2507,62,0.6666666666666666,0.20095090927592243,0.27266604605134304,0.2509271514830864,0.12489670339615166,0.22245562989933731,0.23838796372290827,0.2628413677440249,0.12276052394022174,0.1781463716817151,0.09738498863467171,0.23904234620593479
Qwen3-235B-A22B-Instruct-2507,63,0.6774193548387096,0.2058398446947065,0.2698872734399961,0.2942211261854156,0.15596692823879632,0.21308490841668226,0.24170109405270923,0.2746360265302674,0.09808896736350159,0.1925960019491999,0.08714729034204172,0.23106883042862958
Qwen3-235B-A22B-Instruct-2507,64,0.6881720430107527,0.20727652574039376,0.29139455287690497,0.2974979282580644,0.1755627490936138,0.23103214367592606,0.2119556899690549,0.285208725521347,0.1076521637140998,0.15477262122362034,0.10074463454440685,0.2169440485270625
Qwen3-235B-A22B-Instruct-2507,65,0.6989247311827957,0.20664343874795965,0.2837844073876441,0.2887196131655577,0.1543738831430722,0.223086041475401,0.24754328162581174,0.2568552739036569,0.11666634301113243,0.16339870896229514,0.08674408966761737,0.24526274513757895
Qwen3-235B-A22B-Instruct-2507,66,0.7096774193548387,0.20168489901398315,0.28436856150725043,0.2744784810049934,0.138927864056677,0.23053647698294355,0.21135739053315217,0.27531229343648345,0.10073164273162039,0.1693874025329416,0.09165653019619158,0.24009234715774364
Qwen3-235B-A22B-Instruct-2507,67,0.7204301075268817,0.1970388221058923,0.25095965294837563,0.2945706430498395,0.15753292366175042,0.23113554048732887,0.24144778139700918,0.2554340040095052,0.10266154613851275,0.16145105596233655,0.05125610692352345,0.22393896648090916
Qwen3-235B-A22B-Instruct-2507,68,0.7311827956989247,0.20465111197494484,0.2707849150516689,0.3002723384052479,0.14850375716134623,0.2354991621166631,0.22936032990763633,0.27558745115945416,0.0917933191115824,0.16900419189621918,0.09951391190215753,0.22619174303764367
Qwen3-235B-A22B-Instruct-2507,69,0.7419354838709677,0.20346493731340973,0.2900926902827077,0.29155017674409667,0.14984108054128675,0.20697117307230162,0.2345112550508215,0.2805249591041459,0.09576807324119929,0.18027673563310354,0.09166306516158962,0.21345016430300634
Qwen3-235B-A22B-Instruct-2507,70,0.7526881720430108,0.19880425426706896,0.2961198805381794,0.2804570278979992,0.12242290829165947,0.22078706981420448,0.2082802748762166,0.276084952270232,0.12725542142228996,0.17532179928266867,0.0720498565225971,0.20926335175479915
Qwen3-235B-A22B-Instruct-2507,71,0.7634408602150538,0.19071853540559625,0.2606909613797913,0.2928525329650735,0.14375351211766751,0.17510808120115662,0.23190032745057998,0.27742094487362357,0.08720864899256053,0.1577740362330059,0.06836934383286009,0.21210696500980097
Qwen3-235B-A22B-Instruct-2507,72,0.7741935483870968,0.1929290866107145,0.27255089479238426,0.2839224906296641,0.14026463733036554,0.2350451612453167,0.23551477084456418,0.2647200859693434,0.07616965206876836,0.13828859004490313,0.08645529428413734,0.1963592888978688
Qwen3-235B-A22B-Instruct-2507,73,0.7849462365591398,0.19780387799124774,0.2796567440778135,0.2762914211208167,0.14280095027441309,0.20752618687186497,0.22043875960867432,0.27052069765889675,0.11550919601989529,0.19205538054213456,0.04464862747714837,0.22859081626098687
Qwen3-235B-A22B-Instruct-2507,74,0.7956989247311828,0.19552539107611447,0.2877655162893893,0.29539550126311653,0.15550306711632622,0.2272622769296333,0.2098630136525762,0.26787865772191166,0.09183940001454505,0.1267061311276131,0.07817412342824082,0.21486622321795723
Qwen3-235B-A22B-Instruct-2507,75,0.8064516129032258,0.18554084091696127,0.2533002821145457,0.2631557020160582,0.13902655283233378,0.1974985813173863,0.21611152685708845,0.25706883002277847,0.09149639864603398,0.1786643852158154,0.04610923969418146,0.21297691045356937
Qwen3-235B-A22B-Instruct-2507,76,0.8172043010752689,0.18474212647080865,0.23522962235463307,0.28516815960359587,0.1100258407467255,0.20690447481063634,0.18657669414027533,0.2689108056517676,0.10477148621044197,0.18090183114632452,0.06925004379403488,0.19968230624983196
Qwen3-235B-A22B-Instruct-2507,77,0.8279569892473119,0.18788093889813473,0.27485109940842223,0.27421687081626034,0.11977262297775038,0.21605867103232812,0.21091388134553646,0.2549720761551485,0.0878078811619929,0.17500389085391888,0.05120329780108668,0.21400909742906282
Qwen3-235B-A22B-Instruct-2507,78,0.8387096774193549,0.17474566743867084,0.24725966365472185,0.2704799552918169,0.12624333502363483,0.200357525537056,0.21135646489540005,0.24481083335711262,0.051926066687515426,0.14726999198747082,0.05479972855711146,0.19295310939504318
Qwen3-235B-A22B-Instruct-2507,79,0.8494623655913979,0.16588564294794286,0.2370289086263172,0.2755793979511012,0.08458191469219767,0.17128676568421186,0.20697762541981146,0.24637114904075963,0.05139022606184285,0.1578903878588931,0.0307878163753339,0.1969622377691339
Qwen3-235B-A22B-Instruct-2507,80,0.8602150537634409,0.1678357549724745,0.24897487949300046,0.27795855024628846,0.08998549227961061,0.17792950080666303,0.21257958534222376,0.25895405971776597,0.05560894015446627,0.1221498189778033,0.03513945461306689,0.19907726809403326
Qwen3-235B-A22B-Instruct-2507,81,0.8709677419354839,0.13461641071530153,0.2389098382309186,0.24802242137009478,0.04766096256525587,0.15026129388843867,0.17264132048490421,0.21338924356531108,0.032156639699072675,0.07756831254314211,0.0029153029773206773,0.1626387718287301
Qwen3-235B-A22B-Instruct-2507,82,0.8817204301075269,0.12209002294894988,0.20562641770244483,0.23639697192775233,0.07098117042414964,0.13775954518795008,0.13903125012114004,0.197013502419349,0.020180014460713602,0.06537893297838304,0.01352881707280662,0.1350036071949855
Qwen3-235B-A22B-Instruct-2507,83,0.8924731182795699,0.10863922526858194,0.2260430945290247,0.23696819222697374,0.029375426287990725,0.1010172973714405,0.16594968989022385,0.19996148569318317,-0.0005694567023590835,0.07823416871895372,-0.033359652364092884,0.08277200703465848
Qwen3-235B-A22B-Instruct-2507,84,0.9032258064516129,0.09164254354423743,0.19685569887503507,0.22300177007729372,0.015360091266358844,0.11559018266483323,0.139867702059429,0.14649801025452214,-0.027242649756356707,0.053515401328696366,-0.08551412266205882,0.1384933513348101
Qwen3-235B-A22B-Instruct-2507,85,0.9139784946236559,0.07400864588318985,0.19908524013704676,0.20655159969455372,-0.014172995598207283,0.07774961706631389,0.11832932510997785,0.1643001622196678,-0.02843960302502735,0.0308995685560004,-0.11123188544855234,0.09701543012030622
Qwen3-235B-A22B-Instruct-2507,86,0.9247311827956989,0.06145669698436076,0.1750527849393102,0.19385364142974248,-0.08519445274012338,0.07789612898667087,0.09509346291962095,0.17041961678007334,-0.02875853735602285,0.021888221619371317,-0.0828146336595732,0.0771307369247356
Qwen3-235B-A22B-Instruct-2507,87,0.9354838709677419,0.06551722873768316,0.15578149128090546,0.1825848466269956,-0.011385928188438976,0.09029267868478352,0.09179212225323186,0.18523319226578172,-0.04299141797369832,0.05518284122667416,-0.13014129790236018,0.07882375910314865
Qwen3-235B-A22B-Instruct-2507,88,0.946236559139785,0.04534452505385037,0.13733678038254227,0.17639830882045338,-0.05594549411528926,0.08280939775091745,0.09055561916288757,0.14114250302096287,-0.057678401633374676,0.012660040920280058,-0.13870043624575001,0.0648669324750849
Qwen3-235B-A22B-Instruct-2507,89,0.956989247311828,0.025063890023687398,0.1551704759660828,0.16392240960496063,-0.0458088421800249,0.07939117757702985,0.06743508756910577,0.13404658472221376,-0.05211821687345175,-0.014477175708720758,-0.18924228703623291,-0.047680313403881014
Qwen3-235B-A22B-Instruct-2507,90,0.967741935483871,0.01708839719279619,0.14437868228519457,0.16025774923549452,-0.06423032025882636,0.018320671802118715,0.06821694533910616,0.13606775675846994,-0.14964590872451944,-0.019257019657259233,-0.18045395023170885,0.057229365380107144
Qwen3-235B-A22B-Instruct-2507,91,0.978494623655914,-0.0004721275498902777,0.12071470135939721,0.17781905106996265,-0.07455248925598434,0.02444754855394482,0.00828205748068267,0.04716893327221905,-0.1329998636424825,-0.01704518622268547,-0.16419438992092572,0.005638361807164927
Qwen3-235B-A22B-Instruct-2507,92,0.989247311827957,-0.048496386483442136,0.07946976500503167,0.1426747627350311,-0.14997074212134187,0.010951461975900245,0.012007784097534002,0.05471757106356523,-0.18962579257235102,-0.13045215395266574,-0.2548029772250531,-0.05993354383985494
Qwen3-235B-A22B-Instruct-2507,93,1.0,-0.3024112587918846,-0.07722911478346073,0.014001941267697604,-0.469169227295517,-0.10724469403667447,-0.3586059233237582,-0.16836677072285533,-0.6254369342117359,-0.27353545640167987,-0.6733775502987887,-0.2851488581118551
Qwen3-32B,0,0.0,0.14692667937976367,0.19429134681300297,0.18791234422262337,0.09228338898203292,0.20438947388449968,0.15386650548665404,0.20729429304103264,0.09939225786868544,0.13547907368733658,0.0650083847106393,0.12934972510130194
Qwen3-32B,1,0.015873015873015872,0.13830798986840165,0.17965077461915668,0.18756916499413567,0.08369707024296291,0.20034056570743164,0.1529560045431504,0.19835571691348475,0.08070926420525848,0.15004088807241955,0.02574358312774938,0.12401686625844843
Qwen3-32B,2,0.031746031746031744,0.12979201040324587,0.18099598092160085,0.1984304924670367,0.07862080162182328,0.17973793588621279,0.13550986172152113,0.20111078628442158,0.07445185576415947,0.1164981988137711,0.020389508520056054,0.11217468203203951
Qwen3-32B,3,0.047619047619047616,0.1011814498237383,0.18303672140686,0.17586272397060076,0.07217775809520066,0.16528847965242532,0.1291198418878997,0.16433106354022042,0.0014449853742140029,0.074236797090667,-0.03446235082804505,0.08077847804753857
Qwen3-32B,4,0.06349206349206349,0.09318884832832705,0.1465634159817477,0.18014721106520715,0.05529447659022613,0.1728870530414447,0.09660945776406937,0.1728628744791867,0.014184673643161894,0.05541079270542815,-0.04672541705377897,0.0846539450667595
Qwen3-32B,5,0.07936507936507936,0.06582950189662087,0.1476431751459515,0.1521167534392398,0.0190915823959108,0.13565520561047828,0.08591995473305447,0.14705369445449634,-0.04050390617234112,0.025781846708734957,-0.0780302597225977,0.06356697237348785
Qwen3-32B,6,0.09523809523809523,-0.03609630261324034,0.12709588884142908,0.1481997106595011,-0.16644544859735033,0.09084482823556217,-0.18826381904593115,-0.0008801864758731792,-0.0912717164633241,-0.13239364547829702,-0.11818082992245715,-0.029667807885418895
Qwen3-32B,7,0.1111111111111111,-0.07852621918387626,0.11775651968691703,0.14042523999422507,-0.06396980678068886,-0.027774068772415728,-0.09140326366153473,-0.12074857861611576,-0.10904169809661246,-0.008199791559770908,-0.4025223759082759,-0.21978436812417423
Qwen3-32B,8,0.12698412698412698,-0.10238524172522863,0.12275708393425233,0.07932420555201236,-0.11701381069490835,-0.16853009016096432,-0.22038771137373359,0.13460951226045514,-0.11175844010821567,-0.31942904395929794,-0.39057149175206396,-0.03285263094962265
Qwen3-32B,9,0.14285714285714285,-0.1798750256891621,0.03414409357134418,0.12311912381421641,-0.11648770021375587,-0.035825592019340435,-0.17785289789203285,-0.13493034958492212,-0.15716503636661328,-0.5988830923730313,-0.6028668360221769,-0.1320019698050301
Qwen3-32B,10,0.15873015873015872,-0.31064052564535327,-0.017775811982809753,-0.04274898485782663,-0.20222684024268944,-0.03944245958328074,-0.3443906812405082,-0.3689881834522064,-0.3276870567197858,-0.19404238177298905,-0.3843172833024808,-1.1847855732986328
Qwen3-32B,11,0.1746031746031746,-0.21199500606951865,0.04244341478215907,0.09123375513900622,-0.5014058608072853,-0.2161286643629461,-0.11077248005436524,-0.3981371211568745,-0.4517801965878443,-0.12306446537472837,-0.39451000177992923,-0.05782844049199132
Qwen3-32B,12,0.19047619047619047,-0.2956950149719115,-0.02104237290656652,0.07232288873615955,-0.35350133360349645,-0.13384469529684373,-0.6364446128222219,-0.25628334955868026,-0.5163030547510548,-0.3638148301828279,-0.4837948728887653,-0.26424391644457446
Qwen3-32B,13,0.20634920634920634,-0.27819240800728573,0.04758830960235494,0.020645556046963165,-0.36347874886609155,-0.13804077699135875,-0.1483685354440707,-0.3050087774282566,-0.9418901728866442,-0.25858029659733694,-0.3477202150694383,-0.3470704224386467
Qwen3-32B,14,0.2222222222222222,-0.41664045262768556,0.005691956708011925,-0.34253244880547595,-0.6324871703883375,-0.19827533191030589,-0.6373528445713992,-0.22278392684389248,-0.962245220766496,-0.15656364917344345,-0.32872233633144265,-0.6911335541938022
Qwen3-32B,15,0.23809523809523808,-0.5025017443350195,-0.10049714508303564,-0.005413127302657639,-1.1997040779253512,-0.5509052601735163,-0.24954941448653956,-0.4965876199128185,-1.1482371748594598,-0.35010251874345655,-0.47296290011990494,-0.45105820474308445
Qwen3-32B,16,0.25396825396825395,-0.3324728508538988,-0.08859327773305181,-0.23891936087639065,-0.41417039377115383,-0.11312816492949596,-0.3283660125777601,-0.19344567585744965,-0.5004211180894087,-0.2347662121244194,-0.9889835790474724,-0.22393471353212768
Qwen3-32B,17,0.2698412698412698,-0.45570727206651657,0.09441023178195496,-0.26977099237089863,-0.7605152842529861,-0.5501745440365333,-0.19822316976405863,-0.2655902935686092,-1.041104514304089,-0.3906176514239583,-1.0851413429691283,-0.09034515975658386
Qwen3-32B,18,0.2857142857142857,-0.5608457425492681,0.008076320515054136,-0.21917813101866535,-0.9371019394333864,-0.19962486346520447,-0.5255688568300634,-0.04481281047722452,-1.5320260246867625,-0.7344560752720062,-1.2620551036623326,-0.16170994116175352
Qwen3-32B,19,0.30158730158730157,-0.3787164348483191,-0.0878867627211164,0.058620170041820185,-0.8345073708332049,-0.11173330449365082,-0.4690113314770703,-0.004680781476781526,-0.5363928325311693,-0.2093195889712669,-1.2957578757651627,-0.29649467025536635
Qwen3-32B,20,0.31746031746031744,-0.5166142908679087,0.030955270227069676,-0.03528622032767004,-0.41725165255587227,-0.5553144698715413,-0.8547913449971787,-0.29226062040498957,-0.31816016022995397,-1.021995878631015,-1.522516777617429,-0.17952105427028875
Qwen3-32B,21,0.3333333333333333,-0.6005007817291698,-0.1326429417387489,-0.04157042889587337,-0.33846992249717567,-0.721358779759451,-0.31721797692010867,0.012838752675998766,-1.6584016785251379,-1.0718422324063663,-1.271148977978298,-0.4651936312463425
Qwen3-32B,22,0.3492063492063492,-0.648269126625631,-0.032154525213863305,-0.028973642446159298,-1.1251555160844542,-0.5503761148270141,-1.118485421889024,-0.47797296809233747,-0.49788382933919695,-0.257542209106846,-1.6284170417740849,-0.7657299974830822
Qwen3-32B,23,0.36507936507936506,-0.3190614016820139,0.007465268355248411,-0.0022412423736344333,-0.795754776642011,-0.23760522167950904,-0.7159885997889979,-0.08526297463304311,-0.3430468409593981,-0.21242399489080288,-0.44819850202885236,-0.35755713217881824
Qwen3-32B,24,0.38095238095238093,-0.5194553697197822,-0.229399169561586,-0.3336415593093087,-0.35086664226643993,-0.282543827547004,-1.0623740030882756,-0.060908677603195516,-1.3098668352500389,-0.35705892436907405,-0.6575688884548458,-0.5503251697476998
Qwen3-32B,25,0.3968253968253968,-0.43419766497978013,-0.26004813499093293,-0.29161277461070556,-0.4678153527311404,-0.561527412461448,-0.3782603970022258,-0.30961435869006193,-0.5546382023188767,-0.37965097079651144,-0.6760254394919647,-0.4627836067036257
Qwen3-32B,26,0.4126984126984127,-0.7734840367751243,-0.22764333258077385,0.009903729904080283,-1.0018412936385204,-0.4118379396822658,-1.0147900228076367,-0.3983551426022369,-1.759097993959259,-0.822080272084021,-1.4008466916172564,-0.7082514086830409
Qwen3-32B,27,0.42857142857142855,-0.5738133262000511,-0.14112404618746766,-0.24900523723986212,-0.40000340406976087,-0.3463173928185346,-0.2256618342164871,-0.29814844461629186,-1.3107187529144322,-0.4212608089303167,-1.6241820538495415,-0.7217112871575553
Qwen3-32B,28,0.4444444444444444,-0.5831977814521745,-0.3074192004218559,-0.3754601442980934,-0.6010586215036939,-1.0204847847163858,-0.2962771478854449,-0.10306988065231182,-0.7264753484306499,-0.4657984955052954,-1.089983377854912,-0.8459508132527429
Qwen3-32B,29,0.4603174603174603,-0.7869043260939957,-0.8004868780634349,-0.2021975657320252,-0.6204049850314253,-0.6198674715479673,-0.6493151282767,-0.22258554847807588,-1.2543756763199019,-0.6343137234570713,-1.8610773336928226,-1.0044189503401966
Qwen3-32B,30,0.47619047619047616,-0.5983166206191326,-0.30520872833940293,-0.3035863132449572,-0.6113786422905017,-0.24529706448488042,-0.3324649731414573,-0.3702950170761288,-0.6174852823496679,-0.9055046014270729,-0.6293524503747596,-1.6625931334621527
Qwen3-32B,31,0.49206349206349204,-0.8774598716487212,-0.43183736765974134,-0.3560744386618362,-0.5339813804487987,-1.3086692755567002,-1.7303289608359345,-0.4704513971945985,-1.1769502993444179,-1.7375267738571982,-0.734204970930634,-0.2945738519973071
Qwen3-32B,32,0.5079365079365079,-0.7522314738114547,-0.32679385829819063,-0.5767775068593413,-0.4943762837075709,-0.2124826168948879,-0.3283390795309207,-0.2720902355068273,-1.4680274593106373,-0.6679551108907245,-2.8539427339260763,-0.3215298531890789
Qwen3-32B,33,0.5238095238095238,-0.6525581881869463,-0.7994656547026882,-0.2097742211617044,-0.5009251255380298,-0.873452715428457,-0.3803330113470824,-0.5678335593326083,-1.1082860442737843,-0.6625309378258151,-0.7073077542566024,-0.7156728580023242
Qwen3-32B,34,0.5396825396825397,-0.9595046871194242,-0.5805869456854063,-0.80751908283864,-1.7216617824000622,-0.2028955756387103,-1.2446369533224813,-0.7580547186372977,-0.8263146505786976,-0.627830143116809,-1.969634869301593,-0.8559121496742197
Qwen3-32B,35,0.5555555555555556,-0.8046789600733074,-0.7578130849942994,-0.11753329879830066,-1.076066349659432,-0.289154715372526,-0.9595113293599296,-0.19764493820963613,-2.7226254660471154,-0.5574997145937548,-0.9702842570571397,-0.39865644664096056
Qwen3-32B,36,0.5714285714285714,-0.7143417427523422,-0.47502737921739024,-0.43484943878468574,-1.2824298988849927,-0.49321889781250605,-0.7944100890367962,-0.18122210793413496,-0.7872988979668429,-1.0421211839705702,-1.3547095368204207,-0.29812999709474397
Qwen3-32B,37,0.5873015873015873,-0.8020940156109809,-0.40050381032812377,-0.3359694738081973,-0.7441626998794817,-1.1401233913964175,-1.0496377777844734,-0.7207292450372249,-1.437179253308925,-0.4020190324524848,-1.0019908386625844,-0.7886246334515961
Qwen3-32B,38,0.6031746031746031,-0.6738603920723681,-0.42318873140791546,-0.18915558043433145,-1.5802947218591834,-0.9380190772415913,-0.27139652981739104,-0.6503146185142934,-0.8603834052667256,-0.8365656493127425,-0.7218139066694924,-0.2674717001996909
Qwen3-32B,39,0.6190476190476191,-0.7192220338943842,-0.051054862864225115,-0.33341906751055705,-1.216727485517636,-0.3901489903103943,-0.8735991511493522,-0.9363611653491446,-0.8429076434734122,-0.835642655446792,-1.263443132359292,-0.44891618496292174
Qwen3-32B,40,0.6349206349206349,-0.7304673461408655,-0.46409109304163687,-0.02091479486522596,-1.4561852465698224,-0.27730731236416184,-0.5152244696749733,-0.18924032834075666,-1.6283447770170136,-1.5507783687144525,-0.9734563504456837,-0.229130720374622
Qwen3-32B,41,0.6507936507936508,-0.8125688945156547,-0.4618184555514908,-0.25227709291178746,-1.1920626928964069,-0.6809702239573936,-0.9448730099406784,-0.7087690023515945,-1.6059428112898413,-0.735626601627952,-0.9100789090153343,-0.6332701456138086
Qwen3-32B,42,0.6666666666666666,-0.4990731567246195,-0.33296924945326456,-0.19073500229902973,-0.4907582308693075,-0.18202859880935152,-0.2317962124918429,-0.7142396095435357,-1.0748023317640687,-0.18820212506692746,-0.5621436452525375,-1.0230565616961425
Qwen3-32B,43,0.6825396825396826,-0.6407708246875295,-0.02829474893928019,-0.575512274577211,-1.654032757509718,-0.4427590187028545,-0.16732923187588478,-0.5409173889395964,-0.9067932790573305,-1.0288807881381001,-0.8940258775476007,-0.169162881587259
Qwen3-32B,44,0.6984126984126984,-0.6636281805960653,-0.24990157992733253,-0.13150506189560818,-0.771772103537105,-0.52666550321372,-0.9142455741599271,-0.8990378623448994,-0.43345740048059156,-1.365866789449857,-1.0248290877467738,-0.319000843204464
Qwen3-32B,45,0.7142857142857143,-0.7067807358618714,-0.3816392842967604,-0.16732073128777536,-0.9902389068023598,-0.8318140432255132,-0.3134384598103883,-0.8852404278318431,-0.5802975852613343,-0.39688761070877976,-2.1974681657658373,-0.3234621436277738
Qwen3-32B,46,0.7301587301587301,-0.7402329005475253,-0.32253088297382093,-0.019968344596764,-1.2147119710522771,-0.4615532904647277,-0.3391915493134168,-0.5003814391819021,-1.3402890546189092,-0.99044362931118,-1.4354389292832654,-0.7778199146789637
Qwen3-32B,47,0.746031746031746,-0.5872463616675365,-0.5333302557674797,-0.3520937501162751,-0.5494624757493589,-0.5311347431454085,-0.35387605329233973,-0.4199811068246848,-1.0667252274675092,-0.5947269339950747,-0.9654168937064531,-0.5057161766104175
Qwen3-32B,48,0.7619047619047619,-0.871339754471277,-0.3595807881186326,-0.11129510186337432,-1.005023555985579,-0.7626339350308908,-1.1489048985432264,-0.5800585018325306,-0.7923088409293684,-1.6051612523469636,-1.7065810747405736,-0.6418495953213297
Qwen3-32B,49,0.7777777777777778,-1.0609615862448736,-0.48835010841185156,-0.3934032086121344,-1.6079174057970915,-0.9074810309284109,-0.5787138534407792,-0.9502004089937501,-2.0244957759096818,-0.6212726794878936,-2.3236018144610893,-0.7141795764059264
Qwen3-32B,50,0.7936507936507936,-1.0523329688089,-0.30244361768091044,-0.3678751169455048,-1.017178856295803,-0.5631588339957441,-1.6145624697712608,-0.6014129775359454,-1.0549492201171975,-0.566943438660924,-2.978423116227104,-1.4563820408583514
Qwen3-32B,51,0.8095238095238095,-1.2797200822519954,-0.7759499058094685,-0.325101441918243,-2.446388125280907,-1.7660271863253905,-1.325747950924903,-1.2719289027670095,-1.0764340556361596,-1.6725961510146092,-1.4145457399611976,-0.7224813628815638
Qwen3-32B,52,0.8253968253968254,-1.759775695952723,-1.3599430761911502,-0.6864903929306558,-3.471715587065229,-2.337469941634448,-1.174082108211974,-1.1018998202873642,-1.894639708011804,-1.3817362485813756,-1.8783460764596156,-2.311434000152999
Qwen3-32B,53,0.8412698412698413,-2.2985719299519416,-1.1858340577463289,-0.6859116167500123,-2.9444588283624396,-1.4642192028859027,-1.4160386264406082,-2.2070505032082544,-2.7697751150410928,-4.30739839308455,-2.886147159087288,-3.1188857969120747
Qwen3-32B,54,0.8571428571428571,-2.9024262203743185,-0.7389873615324865,-1.001746274238005,-4.696198772930161,-2.023356837426643,-2.492258999283644,-2.0223368433453164,-4.99079790634376,-3.27693269695666,-5.444911133491331,-2.336735378194115
Qwen3-32B,55,0.873015873015873,-3.572889024489899,-1.2244929588593414,-1.0992737576127811,-2.810918938158155,-4.127191696474563,-2.48029106135749,-4.503805107628236,-4.325737158831536,-8.962340567469694,-3.883071760068332,-2.3117672384380126
Qwen3-32B,56,0.8888888888888888,-4.1955138814347155,-2.4247876771649133,-1.744855518293833,-3.8376988240734367,-4.2373374149186915,-3.1007328196642128,-2.489768085848853,-4.423363488287232,-5.52710753507582,-7.774348542097849,-6.3951389089213935
Qwen3-32B,57,0.9047619047619048,-5.5661675893040305,-2.1382928930742344,-1.8640435675590745,-4.392618972947535,-5.271497525307555,-4.206319227318656,-6.520313395199919,-4.695648974139926,-8.236240023304541,-12.35684230362702,-5.979859010560853
Qwen3-32B,58,0.9206349206349206,-7.28101761843929,-2.092964488474571,-5.739935809568912,-9.325019353739687,-4.366117943444464,-10.09087875186604,-8.46537947811623,-10.142077976574441,-6.960232758426416,-9.316400012475215,-6.311169611705613
Qwen3-32B,59,0.9365079365079365,-7.799774702341137,-3.4321917174064396,-3.5481778857901087,-12.71108079809876,-4.98067294071538,-10.471773712381676,-3.9119824975074193,-10.336438586216541,-6.212359314676477,-11.810489310577301,-10.582580260039663
Qwen3-32B,60,0.9523809523809523,-8.39935730831569,-4.1044326623364675,-5.758721765468434,-7.500168214837563,-8.563087231496812,-10.210343243244871,-6.649056544139926,-12.944582097379518,-7.767819629518737,-12.150100366880995,-8.345261327852493
Qwen3-32B,61,0.9682539682539683,-13.345741386726917,-8.7047913850554,-11.444341641597,-27.77618368914177,-10.032091836583692,-17.130434090654468,-8.442584550267316,-16.829352103520442,-11.02129103367819,-14.571585148300757,-7.504758388467529
Qwen3-32B,62,0.9841269841269841,-19.293347297686463,-10.384206634468342,-9.672751423639959,-18.788833804215514,-14.360350246880333,-18.26699800066694,-16.286572194180046,-29.8314628545828,-20.94493167730058,-38.83062682547497,-15.566739315453525
Qwen3-32B,63,1.0,-27.887170520283025,-15.570029064330551,-13.984342315447845,-32.859264333458384,-27.310128859628996,-25.889884215303383,-25.076767886363648,-37.20324463568697,-28.1061688696878,-47.144031927223374,-25.727843095694574
Qwen3-4B,0,0.0,0.16810974439865448,0.20293671836776372,0.20339773207061962,0.11618974842891905,0.2237004183623611,0.18912861330578234,0.21885128770990303,0.12026585955035907,0.15635881742325086,0.08635766087634156,0.16391058789142365
Qwen3-4B,1,0.02857142857142857,0.1631556656404618,0.2037950850619633,0.20466637919842734,0.1057037111010174,0.21794974005509993,0.18323332988103824,0.2187075941941844,0.11726928293562922,0.14528972998848266,0.0808980781536498,0.15404372583529413
Qwen3-4B,2,0.05714285714285714,0.16521627822497664,0.20726551782933766,0.2035381564547225,0.11757642583836292,0.21914822292054892,0.17851131276274823,0.2245834267475083,0.1271489896026683,0.13657081351740286,0.07861920406409184,0.15920071251255774
Qwen3-4B,3,0.08571428571428572,0.1565427935599555,0.21418031832140538,0.1922333354622474,0.10267093225404911,0.20686672626469615,0.1737438714258016,0.22225085146721912,0.11105673602017463,0.14561253688332443,0.06450563189467395,0.13230699560614323
Qwen3-4B,4,0.11428571428571428,0.15208574392386134,0.20696095672634285,0.19964770191918002,0.101131506284583,0.21076129097319818,0.17658499836275143,0.21339455242005168,0.09086897376131231,0.12786227470546963,0.05401496793212257,0.13963021615378313
Qwen3-4B,5,0.14285714285714285,0.1397694474166049,0.18927608819869535,0.19692620497029,0.07014951797294544,0.17373908176992103,0.18326284543211624,0.2243248408773052,0.03572135408970656,0.11899475529867132,0.07432410486622065,0.13097568069036558
Qwen3-4B,6,0.17142857142857143,0.10121934293819661,0.21122757041519968,0.06481335595383875,0.040237267509628194,0.14060853806408724,0.16453179689360198,0.1754313858739479,0.05203679144411777,0.050159199207405636,0.0047855441934092635,0.10836197982693363
Qwen3-4B,7,0.2,0.09257451055101222,0.15089602782942646,0.199727103223437,0.044268321434502655,0.025788061793154515,0.17032434089726634,0.16643655361708187,0.023161739773885026,0.10120219084462245,-0.04158504704659838,0.08552581314354579
Qwen3-4B,8,0.22857142857142856,0.07334373909048644,0.1911926600197995,0.18009141071464663,0.0355393444322778,0.1682546723691899,0.1283096706745912,0.036675272576625284,-0.0019739584668765353,-0.00738681371283656,-0.07237418215454894,0.075109314452245
Qwen3-4B,9,0.2571428571428571,0.05748186150048089,0.20042000935825333,0.14902153158923992,-0.0232764649902355,-0.03625719357696289,0.154646790014085,0.16080920158611445,-0.013002302920959385,0.10322683381730224,-0.16139747112020375,0.04062768124833083
Qwen3-4B,10,0.2857142857142857,0.08755229716010962,0.1748661905235993,0.19157319358463343,0.06038094028470642,0.16874436524933756,0.08220644220703033,0.10060989387571673,-0.03781844494677733,0.09547190206318279,-0.007942436199886327,0.047430924959734444
Qwen3-4B,11,0.3142857142857143,0.07225517008012304,0.1847012931929073,0.19197071571534086,-0.10483760581978396,0.12058941883361007,0.04733689845975131,0.1711668686401575,-0.020336708601298437,0.06182034458100416,-0.046383104652559126,0.1165235804523268
Qwen3-4B,12,0.34285714285714286,0.06401941836107947,0.20427355646943213,0.22868074855513298,0.017212426519722213,0.03426574155639406,0.07413043637265526,0.2107940576921271,-0.15601975490774245,0.12117553187712093,-0.19734810079718246,0.10302954027333922
Qwen3-4B,13,0.37142857142857144,0.08100234265650155,0.16427955952537565,0.2025496211790696,0.06587614840230693,0.11141556233675365,0.09079094873096161,0.1554058052714492,-0.056386907992498125,0.013709099133864311,-0.065596169300427,0.1279797592783144
Qwen3-4B,14,0.4,0.11153506683979013,0.2240076474905004,0.1923361889455968,0.07563139850165068,0.1909976853476254,0.11575805309476395,0.21186031858155152,-0.1128823864382813,0.1173358301359897,-0.02239884335714648,0.12270477609582442
Qwen3-4B,15,0.42857142857142855,0.11740868172226364,0.22571421729262442,0.25121612383291414,0.08464005205017688,0.19877507999684285,0.10647233748077878,0.2568157279577913,0.1031818944588736,-0.08358779013520223,-0.002565056975574631,0.03342423126356775
Qwen3-4B,16,0.45714285714285713,0.10172966834318642,0.23771596246551263,0.21757979550569062,0.07960079037578405,0.03731450244894363,-0.015768809754597157,0.19378128472629086,-0.05578986583810819,0.07781897002133031,0.048888058887066044,0.19615599459412592
Qwen3-4B,17,0.4857142857142857,0.04131212995471408,0.21478549418032122,0.10347171828152923,0.0232101284983931,0.006196027209046773,-0.040491692180626204,0.12161454522750847,-0.06518720402601108,0.1174412968596491,-0.17482111969117065,0.10690210518874399
Qwen3-4B,18,0.5142857142857142,0.05194599510996388,0.2440337219969967,0.10765850125905463,-0.16332229868990522,0.19734645597266087,0.04180269359886235,0.04417512292518477,-0.014691404037649791,0.08912289166666865,0.02896827228018828,-0.0556340058722522
Qwen3-4B,19,0.5428571428571428,0.09639769531524296,0.22786199326289625,0.19386603800508573,0.10298600239032318,0.19088398120612016,0.1401506885474364,0.13262027943972798,-0.058636867216000255,0.14064330808644387,0.04702010869811257,-0.15341857926752378
Qwen3-4B,20,0.5714285714285714,0.08079590026155128,0.15869063283696583,0.18161351081292187,-0.017027445645906747,0.09410419991440022,0.11910468412967867,0.23796472901972132,0.02089615015681434,0.023300161568008737,-0.17263481913002066,0.1619471989531629
Qwen3-4B,21,0.6,0.001901337503839362,0.18845877639637554,0.10856211922158643,-0.04711855091523698,0.1306863872618469,-0.0587255589900626,0.19102187090219847,-0.06846286673920998,0.02593743479138566,-0.5016753197969783,0.050329082906700795
Qwen3-4B,22,0.6285714285714286,0.03032798781893986,0.2242400000899919,0.15864798478155295,-0.4524155909591141,0.06918898021964937,0.1932286601326989,0.12483816983748997,-0.0931619910885455,0.11724243820013469,-0.1724512574236179,0.1339224843994078
Qwen3-4B,23,0.6571428571428571,-0.026941891097174864,0.02897422170168651,0.10393947530547176,-0.3541816795105017,0.14420794919378765,0.09586234852003739,0.04640632663461597,-0.07406077224058683,0.005782005329514339,-0.35712055966953327,0.09077177376397982
Qwen3-4B,24,0.6857142857142857,-0.04289672822594104,0.10112056249951629,0.07561936962709614,0.008866613748267693,-0.07212715338776787,-0.054015371686454206,0.16999211063199737,-0.48997432973867516,0.06666296487068546,-0.17808010876905467,-0.057031940054839136
Qwen3-4B,25,0.7142857142857143,-0.0551108823140277,0.07043748088279422,0.09357416818528697,-0.4200197110416328,0.024574419224880906,0.012111900987399782,0.09546457037512923,-0.042700058313378086,-0.16320729565807768,-0.08525789982280041,-0.1360863979596496
Qwen3-4B,26,0.7428571428571429,-0.1395521620080126,0.17376526989525065,0.18107515341764424,-0.051565246855342695,-0.2877157593655275,-0.28114139088853163,0.05199374839761439,-0.37797627307983506,0.07776243254225867,-0.47115470275356297,-0.4105648513899094
Qwen3-4B,27,0.7714285714285715,-0.25360003492454464,0.01907089906449455,0.02139138142293462,-0.47425263961760056,-0.18349902267209428,-0.25521400620538603,-0.13002010191428504,-0.6592782323371402,-0.05300261589732047,-0.3779483354955391,-0.4432476755932415
Qwen3-4B,28,0.8,-0.31055578227268654,0.023909691072469763,-0.07671922297062639,-0.11888404824593501,-0.062058102109894486,0.015550971648906287,-0.756951830816823,-0.883043337278884,-0.26224053169937545,-0.9356896053878059,-0.0494318069386801
Qwen3-4B,29,0.8285714285714286,-0.38406460883750765,-0.023190298027723877,-0.13246363838896413,-0.6514321187732368,-0.07452082805858895,-0.7701439070639429,-0.02846867941788167,-1.216608829671395,-0.04524923483136112,-0.5522112897310174,-0.3463572644106967
Qwen3-4B,30,0.8571428571428571,-0.41450194097774934,-0.13747309910908156,-0.030090026661516722,-0.3141915122055976,-0.6179179861634958,-0.3076045568435921,-0.29134024456813323,-1.258123889548611,-0.4059290462629699,-0.3298497643423357,-0.4524992840719091
Qwen3-4B,31,0.8857142857142857,-0.39162402508510286,0.07515317654727094,-0.035417073100179275,-0.528831290966991,-0.1208483742273645,-1.2126115053558668,-0.09335940311270763,-0.6912332479578926,-0.3807794706131611,-0.6396665052634867,-0.28864655680048346
Qwen3-4B,32,0.9142857142857143,-0.5683390674070828,-0.31793209989457427,-0.2635061962828158,-0.8646331945231709,-0.6827202749675798,-0.2875981511982195,-0.36835049983147483,-1.1058345229187991,-0.8329810898419936,-0.7417219764241509,-0.21811266818779007
Qwen3-4B,33,0.9428571428571428,-0.8553483161336809,-0.5876409099169433,-0.1559208401279908,-0.3162074897128915,-0.1981439719244278,-0.9679694953645486,-1.288770289390567,-1.7203480445512058,-0.44419582304119554,-1.7029446742766563,-1.1713416230300364
Qwen3-4B,34,0.9714285714285714,-0.9986634587547426,-0.5854163579632183,-0.2447569326864134,-0.9764019092953578,-0.5498297631688742,-1.2201250696868287,-0.4643502962322501,-2.284603940321023,-0.6939582647917337,-1.098885925035738,-1.8683061283655675
Qwen3-4B,35,1.0,-3.1305647135666534,-1.4481274072233896,-2.1858138586698193,-4.5659021883456505,-2.7074842807649677,-2.456126862549285,-2.3251134756517016,-4.855843501118452,-3.5860432339789536,-4.38840725530756,-2.7867850720560727
Qwen3-4B-Base,0,0.0,0.17032596891682772,0.20392481572072485,0.20552535565267838,0.11718942584749448,0.22582805852653376,0.18195718158768048,0.22401032531839438,0.11778082191195172,0.16104478301595182,0.09994723698589147,0.16605168460115127
Qwen3-4B-Base,1,0.02857142857142857,0.1632947154927192,0.19951695928759783,0.1977293198042488,0.11181165675853288,0.22544144554632228,0.17632930163025262,0.21744441434242434,0.11289409847811527,0.1442964957597458,0.08705358539240526,0.16042987792771735
Qwen3-4B-Base,2,0.05714285714285714,0.15543721668228194,0.21059786083390042,0.2093616867398581,0.08285634812415021,0.2222326013898821,0.14997923117448853,0.19175135045713498,0.11341006880652049,0.1432409137123315,0.07544734122269292,0.15549476436204046
Qwen3-4B-Base,3,0.08571428571428572,0.15801952764261662,0.21644028151652328,0.19538260195806356,0.09781824375285808,0.20639715575421624,0.17504020174821677,0.20933692247527125,0.1053183707081059,0.149075102764039,0.07918501680359591,0.14620137894545526
Qwen3-4B-Base,4,0.11428571428571428,0.15409918599968309,0.21062277700195697,0.20619143194686573,0.10002541361465367,0.19966691346598053,0.1740172344081269,0.20541691154353392,0.08418106333954456,0.13398199269681477,0.06785179544603126,0.15903632653350963
Qwen3-4B-Base,5,0.14285714285714285,0.1504712755898443,0.20089419460488012,0.20244267408782557,0.09934733034661547,0.20358689232287897,0.17868949778018628,0.22443720923021948,0.06073774425918388,0.1258582435863782,0.06310731305391137,0.1456116566265523
Qwen3-4B-Base,6,0.17142857142857143,0.10772085768621269,0.2083011453524516,0.18464161329468576,-0.020404033003781796,0.210713927904582,0.13974522410723833,0.23176371796125772,0.07327156357635967,-0.04097290288443056,0.054192611148505376,0.035955709405431135
Qwen3-4B-Base,7,0.2,0.12131997943955311,0.22118837915771583,0.18930366694746525,0.017474867624726942,0.1949098710258378,0.14529841379189767,0.21202951042331653,0.060593578741134246,0.03057982159806316,0.05246498150286272,0.0893567035827244
Qwen3-4B-Base,8,0.22857142857142856,0.08954342879953543,0.2009434415670407,0.179719060475918,0.08479526682080207,0.14535038214729046,0.17193752245287364,0.1796291337655771,-0.04980086818524487,0.01912869969459763,-0.009926033574453763,-0.026342317168863927
Qwen3-4B-Base,9,0.2571428571428571,0.11690730338546192,0.20224576967734076,0.1741820872320311,0.10740222054727677,0.16965295097879463,0.1630559176201246,0.21062130077568708,-0.08655939198849683,0.09373630359317164,-0.016969444440827486,0.15170531985969837
Qwen3-4B-Base,10,0.2857142857142857,0.11872277221211332,0.187578909269562,0.22148246321478837,0.10946688720326847,0.17256745976941879,0.14154095861106875,0.15810618760955353,0.04500277006037967,0.10646542526997449,-0.00027362855438517464,0.04529028966769888
Qwen3-4B-Base,11,0.3142857142857143,0.12183618337271176,0.2321999128989074,0.22122082887405314,0.045878016225739615,0.1819102345889998,0.18608688173793242,0.23567110101501898,0.04197834292187774,-0.022692068929131226,-0.08066712902275364,0.17677571341661358
Qwen3-4B-Base,12,0.34285714285714286,0.12021938452625833,0.22773779127185012,0.2377941918544456,0.09862389101082247,0.17852056074462241,0.11630898121863886,0.22293474651435496,-0.06852884807648896,0.08835016589070088,-0.06541490328885491,0.16586726812267194
Qwen3-4B-Base,13,0.37142857142857144,0.12416487213446856,0.23508025359218743,0.2343846615148132,0.06100249588225326,0.20392220163464037,0.19696874106501228,0.2216014408100001,-0.02403345840157467,0.03843699713784754,-0.039278685927330415,0.11356407403702673
Qwen3-4B-Base,14,0.4,0.14862251418939026,0.2232462130474192,0.19161576988226914,0.08647760881732469,0.19183010840840664,0.19439832431850246,0.2292408708310235,0.08724405871093033,0.10448997457835785,0.03385238650226674,0.14382982679758116
Qwen3-4B-Base,15,0.42857142857142855,0.14383425858102356,0.20381550385645497,0.2550264073125279,0.10905727704350898,0.11225177665063157,0.158524153717421,0.17702470616285004,0.07570700324990454,0.14886717556362516,0.04522955655112648,0.15283902570237984
Qwen3-4B-Base,16,0.45714285714285713,0.1373412509394767,0.24231279396232275,0.25373667792726506,0.11475351208030704,0.18458275639529642,0.13551992262417178,0.13217978139941433,0.070874638066038,0.09968556190969957,0.018190501179276786,0.12157636385115622
Qwen3-4B-Base,17,0.4857142857142857,0.11758524885340224,0.25437143322443523,0.16686289935434928,0.09227341522600996,0.19934969039235728,0.19604834466407328,0.21785433174640012,-0.03557803238864077,0.15758291770323019,-0.1850457200148128,0.11213320862681087
Qwen3-4B-Base,18,0.5142857142857142,0.12732443479154582,0.26723619011066824,0.2603982391732492,0.030824761277840285,0.14520149159272655,0.18078155049200872,0.10996217352961168,-0.04179445146122407,0.15683221256405133,-0.03372181276473185,0.1975239934014088
Qwen3-4B-Base,19,0.5428571428571428,0.14071324377219882,0.2661413820116003,0.23618924226744908,0.13466515005079482,0.09902437291298705,0.19296271709262647,0.2036552940237757,-0.07215107366925455,0.13573316517398637,0.05197071392772612,0.15894147393046376
Qwen3-4B-Base,20,0.5714285714285714,0.11963104606935301,0.21666608031557966,0.2605363832713361,0.04131361811375345,0.1973702900500448,0.2088659989310807,0.1436714365723648,0.006389257629869527,0.1510456608816657,-0.04106439055532651,0.011516125483377437
Qwen3-4B-Base,21,0.6,0.12924684832255515,0.20315939982934317,0.2203937977171927,-0.02746839654385269,0.1667021004408903,0.18979928912159594,0.19701177263037695,0.07824013147302733,0.09194368484352067,0.06831721927143786,0.10436948444220961
Qwen3-4B-Base,22,0.6285714285714286,0.11167229743008251,0.15887719061938488,0.24411907375102615,0.006928785424064388,0.1616150036950843,0.10784285623375045,0.21375689591222524,0.016219671122777224,0.08461149884532504,-0.06731966758966368,0.19007166628704586
Qwen3-4B-Base,23,0.6571428571428571,0.06409171274178563,0.2018298481284011,0.18376162916285188,-0.04606270712751015,0.06936486313512091,0.1369491551430293,0.13837774764696076,0.0034519498480062305,-0.061083757244202674,-0.14083695770934734,0.15516535643475804
Qwen3-4B-Base,24,0.6857142857142857,0.07122176394825958,0.1134402280844874,0.18826524847963344,0.04429695875202411,0.11279453033323927,0.11870786298436431,0.1541187935643027,-0.008699059116797692,0.08491607373453647,-0.18017675814766765,0.08455376081467214
Qwen3-4B-Base,25,0.7142857142857143,-0.024659589585285913,0.02926490383187419,0.20816547257727858,-0.3535071125275764,0.09055633295061882,0.10083621983384616,-0.30095658453811147,-0.01571949290690111,0.04543843070641351,-0.17306433461523452,0.12239026883518378
Qwen3-4B-Base,26,0.7428571428571429,-0.057644398569780896,0.06385564191045812,0.036971498708544104,-0.13293346359427782,0.09507912965538678,-0.0968865381488575,0.02470560008954359,-0.14188806667035103,-0.04586666230473635,-0.16999316755230498,-0.20948795779098606
Qwen3-4B-Base,27,0.7714285714285715,-0.1233258232082833,0.06885122845472813,0.0987388760000707,-0.33218154777717945,-0.05958896963095084,0.021158182816993554,0.05463101632432421,-0.33754506914343363,-0.3850428910075041,-0.12904919603845255,-0.23322986208116925
Qwen3-4B-Base,28,0.8,-0.23920791858698168,0.07852338756425681,0.0027352574476523506,-0.10204420376047652,-0.2826650977042766,-0.16099245733550505,-0.12997513554675044,-0.9147277948811066,-0.27017727875773967,-0.6701879046886046,0.057432041792986666
Qwen3-4B-Base,29,0.8285714285714286,-0.19500429023243765,0.1174945929950908,0.12835048801062787,-0.08486889474241055,-0.4800239400863775,-0.28804935164971424,0.09193045194392846,-0.1559474691163325,-0.7132410361367545,-0.27694407790057274,-0.2887436656416118
Qwen3-4B-Base,30,0.8571428571428571,-0.6082580820915527,-0.09866389251658458,-0.14784417373121506,-0.7047090831634957,-0.19315098778484363,-2.6260838236175252,-0.31047715190647285,-0.6157875702994189,-0.4611014255112209,-0.5751826031123903,-0.34958010927214445
Qwen3-4B-Base,31,0.8857142857142857,-0.5793434168900775,-0.1303263778521424,0.0968004751877578,-1.1715692965641207,-0.51272973632957,-0.5103861432220986,-0.6751230050280741,-0.4921497772263306,-0.6324160179635399,-1.3826773436610513,-0.3828569462412752
Qwen3-4B-Base,32,0.9142857142857143,-0.43666086090122735,-0.03022941511669419,-0.08619621620837337,-0.4565966769269538,-0.33385483157920937,-0.6245191086618573,-0.29201687409680166,-0.3699349431495269,-0.5746320746512412,-1.090020878410888,-0.5086075902104661
Qwen3-4B-Base,33,0.9428571428571428,-0.6443218371867162,-0.21442107042428593,-0.19390965457188392,-0.5872863044938359,-0.37995487678853745,-0.7413912659127964,-0.2927266886206936,-1.542057279558096,-0.7086842974112457,-0.7365274077174211,-1.0462595263680647
Qwen3-4B-Base,34,0.9714285714285714,-1.5379779575940917,-1.1955158942239965,-1.0767934396327337,-2.084355505878636,-1.9976344471970813,-1.1081120311544312,-1.043934008893563,-1.749222294519222,-2.1330845777222165,-2.1656785312580187,-0.8254488454606532
Qwen3-4B-Base,35,1.0,-5.374686515374518,-3.116378255749251,-3.547275228099144,-6.424641840763767,-4.501550200420508,-4.426968886501256,-5.318881173632825,-7.011676551931814,-6.2173203790706015,-8.553303981357677,-4.628868656217123
Qwen3-8B,0,0.0,0.15889817353494268,0.20193028735910845,0.18860015580120537,0.10632791672810493,0.21152036048474276,0.17199820131840338,0.22431396925724023,0.10270426816020262,0.15132413855525362,0.08054003482243666,0.14972240286290783
Qwen3-8B,1,0.02857142857142857,0.15919797778809927,0.20172999518846624,0.20565557291835568,0.10777135742778976,0.19990489744343798,0.1860564449440547,0.2209452919225816,0.11024520804148763,0.14790402480233722,0.06641006809391214,0.14535691709875354
Qwen3-8B,2,0.05714285714285714,0.15344404619737945,0.19415875090414836,0.2051704381725562,0.09067668033244958,0.19712314755101112,0.18041952685928586,0.22076560639690423,0.1093997151786622,0.12775378083467703,0.06900950409926065,0.13996331164502307
Qwen3-8B,3,0.08571428571428572,0.1546720198521649,0.21109158066370215,0.2011563155806365,0.09005998263512693,0.1980553545757534,0.17829155073884573,0.21604746905648953,0.09833688216659808,0.13516256888823075,0.0674472401937719,0.1510712540226684
Qwen3-8B,4,0.11428571428571428,0.15282788804004982,0.1912308628055679,0.19606259632920242,0.10792861006616161,0.1950091572343735,0.17699857616680337,0.22642820955949106,0.08967886146383552,0.14511337964578463,0.05830628393457804,0.14152234319488233
Qwen3-8B,5,0.14285714285714285,0.14643598872527033,0.20085522320716287,0.2023978101930921,0.07578494682259096,0.1912193329574855,0.17148461142390137,0.2292141336861313,0.07910098420975376,0.12170876436005917,0.06054654172549567,0.1320475386672122
Qwen3-8B,6,0.17142857142857143,0.11851165267971245,0.2051988750868723,0.20196822790500302,0.039409883331960716,0.15416726984626505,0.16570602284043756,0.1989297947677151,0.06536698433973132,0.1057338491524108,-0.06754958601675565,0.11618520554370881
Qwen3-8B,7,0.2,0.07857720633585569,0.1680974887236254,0.19943113399123613,0.06299101068962842,0.10897824128257116,0.15208183960212174,0.1446889987376918,-0.051010165263163376,0.056069470538860355,-0.08192379784244164,0.026367842898622484
Qwen3-8B,8,0.22857142857142856,0.04927329975731674,0.19855269747824822,0.19510075371424151,-0.049872362398747816,0.15497461245094146,0.1455409110732515,0.06154893708946707,-0.20919138109303814,0.08675304414081542,-0.17446700099370083,0.08379278611182062
Qwen3-8B,9,0.2571428571428571,0.025288985373797267,0.20218606843956577,0.19881895085733792,-0.12759769253702835,0.1607704040977127,-0.03328759764836886,0.18427416893000503,-0.11019302046181556,-0.18023575674260983,-0.038186259019008295,-0.003659412177595911
Qwen3-8B,10,0.2857142857142857,0.07255061043751705,0.20837005208247694,0.13172428919231483,-0.17769888656334554,0.06782455496469597,0.13830241701733537,0.19047576562804436,-0.005130597721914043,0.10174239080231884,-0.030323116149481022,0.1002192351229636
Qwen3-8B,11,0.3142857142857143,0.05093411196642057,0.14912754939979633,0.12184160986945569,0.036867109272601506,0.10105138803687075,0.07270794715082629,0.20016958214159153,-0.1527938287435444,0.1008713100075922,-0.03527594741554041,-0.08522560005527158
Qwen3-8B,12,0.34285714285714286,0.03767505361641792,0.20619744309689858,0.1283043066466405,-0.13653583167432792,0.04445326162097152,0.056948773767593885,0.11116287810403191,0.013973849510716896,0.10032028542820781,-0.1978321055591994,0.04975767522277208
Qwen3-8B,13,0.37142857142857144,0.08622001702593249,0.20062056621903512,0.15687856234956166,0.004933033067187176,0.14538148177830212,0.10398932300023045,0.22385877761990947,-0.00842780403932819,0.1301515648394308,-0.1406806518070367,0.04549531723223388
Qwen3-8B,14,0.4,0.0681899434851179,0.21057323825763619,0.21777503047475466,-0.050846321499111946,0.1499258653147031,0.15745587159058128,0.16620338824697622,-0.0021778508774310534,-0.021262354753636803,-0.28607446668995484,0.14032703478686204
Qwen3-8B,15,0.42857142857142855,0.051933217146097464,0.17919454556356706,0.168947961448479,0.05612127878389406,-0.003661231523954811,0.10013793285474482,0.13007166243690016,-0.09416745147835659,0.019184586365757372,-0.05113126696086412,0.014634153971032071
Qwen3-8B,16,0.45714285714285713,0.075150819705734,0.20186912594937845,0.2137450291787314,-0.1434008937078981,0.17747783582734755,0.04985998724051999,0.19492259944143753,-0.07052875867685304,0.10143986094814417,-0.030198757507635232,0.0563221683642986
Qwen3-8B,17,0.4857142857142857,0.00906593497091036,0.19804345788621602,0.08353698499898476,-0.2588747787198762,-0.08228216611222727,0.10709111130648385,0.19447682815445366,-0.07471676453495735,-0.051858399388542864,-0.16984494291472796,0.14508801903348756
Qwen3-8B,18,0.5142857142857142,0.02231520082825248,0.15652474359663937,0.11017330899427624,-0.028502635058728742,0.04134158594716986,0.024037743925446775,0.09390257795226786,-0.015496906588617687,-0.022460123784520114,-0.031083572550634875,-0.10528471415051022
Qwen3-8B,19,0.5428571428571428,0.04167669017268223,0.058244876752508445,0.1734166421117912,0.014553040318836419,0.14351977257041815,0.07802871728371386,0.17106936968723063,-0.19039451647999606,-0.09966602370893529,-0.0512335082472426,0.11922853143870071
Qwen3-8B,20,0.5714285714285714,0.01790907666922089,0.20700291977414764,0.20016673053860057,-0.006902797684080975,0.08373541495824588,0.12337407877036355,0.11340579810608786,-0.14655338626879177,0.04995640986504879,-0.5166715633749699,0.07157716200776643
Qwen3-8B,21,0.6,-0.006373133353373683,0.18808115546697135,0.18717984241451135,-0.10768636358050476,0.07280601840282164,-0.3052383170155315,0.1975222219138444,-0.23045210345881384,0.052641908215549704,-0.2507289648108919,0.13214326891854855
Qwen3-8B,22,0.6285714285714286,-0.14904233831062755,0.06827499011166493,0.1126237537437278,-0.5118670410724795,-0.019597207215245938,-0.11277361510155037,-0.14284093503675077,-0.10828356769939163,-0.15990345380126691,-0.5810880016337405,-0.03496830540103035
Qwen3-8B,23,0.6571428571428571,-0.1665164747159958,0.10664856788156829,0.113613386191325,-0.08561026576685382,0.005258788931139069,-0.2634042947590012,-0.16590195911281636,-0.1647453934068357,-0.16970726584978157,-0.7902666318100078,-0.2510496794585142
Qwen3-8B,24,0.6857142857142857,-0.3172975646980459,-0.175111789166293,0.12301868139339289,-0.22053855908576425,-0.44105324043635186,-0.6236582771700387,-0.3007010142722357,-0.8637365666529482,-0.10408449424401867,-0.2645334069206784,-0.3025769804252898
Qwen3-8B,25,0.7142857142857143,-0.38726457347627863,-0.007237865757342643,0.05887892562403274,-0.469708680346955,-0.7855489922607437,-0.4935176620725088,-0.10242333215110522,-0.43579003425584273,-0.6553957086359874,-0.7942405007613267,-0.18766188414477192
Qwen3-8B,26,0.7428571428571429,-0.5545056508274175,-0.04708517792950473,0.02320480464507224,-0.5423585974447047,-0.23610105661449188,-0.5747482738704817,-0.9557719595210086,-0.3493242683775881,-0.7857181978150805,-1.4203082422122604,-0.6568455391338093
Qwen3-8B,27,0.7714285714285715,-0.6582136296085016,-0.1230420784891566,-0.23161668395951085,-0.4371352809285407,-0.717431762092674,-0.7835098372176847,-0.15885807495672477,-1.37712124174743,-0.8120784030260946,-1.1252343817484345,-0.8161085519184572
Qwen3-8B,28,0.8,-0.8078833413294275,-0.5632867355337732,-0.3216202511649531,-1.3015216745107803,-0.27977420244180284,-1.1106154941763307,-0.5048116179157454,-1.1599649431221568,-1.2830669441692315,-0.6592940974119754,-0.894877452847435
Qwen3-8B,29,0.8285714285714286,-1.0249608016394316,-0.5195121127785043,-0.3143000008756225,-0.5472357120686824,-0.8249679204534222,-0.5712235146048916,-1.5078813907636928,-1.0780448231119308,-1.0372596376991998,-2.408945092214457,-1.4402378118234322
Qwen3-8B,30,0.8571428571428571,-1.530366749970602,-0.8383180273622302,-0.5144191234126005,-2.19737261081414,-1.1544587951026646,-1.857451058792432,-1.1072409501893294,-3.1272758102135656,-1.0443690860540737,-1.9002902333126341,-1.5624718044520516
Qwen3-8B,31,0.8857142857142857,-1.6255480402705966,-0.4174705205251128,-0.7967307639531169,-2.1579772228669802,-1.7712329689075248,-0.9134319420613679,-2.123625478701393,-2.5286898551295725,-2.3962678911359037,-1.426256825868212,-1.7237969335561565
Qwen3-8B,32,0.9142857142857143,-2.4302027478577224,-1.3063218693512155,-1.4771943438011572,-2.446327839237306,-1.1642702519250125,-3.2433535655458545,-2.076425548973742,-3.099223562493811,-2.8021327380502687,-4.237587200635916,-2.4491905585625817
Qwen3-8B,33,0.9428571428571428,-2.7011315155917055,-0.8546789992308443,-1.1659375742610276,-4.3693294064479495,-2.251290324992333,-2.02111897069722,-2.187616181660357,-2.5520955103447625,-4.276810020965562,-5.961322770548751,-1.3711153967675322
Qwen3-8B,34,0.9714285714285714,-3.682874812449586,-1.8370023819089054,-1.6301183820893113,-4.782178346574153,-2.981980422617625,-4.178195998913523,-2.376418442654613,-5.828421725258732,-4.0804256235712915,-5.183887485706618,-3.9501193152002907
Qwen3-8B,35,1.0,-7.765593145709678,-3.557133814324649,-4.31307997943062,-11.833109162225393,-6.326194119059168,-10.959712758460459,-5.640062530204731,-10.305517806769629,-8.077986809956712,-9.428534142525558,-7.214600334138089
Qwen3-8B-Base,0,0.0,0.16507689990765692,0.21033710622027568,0.19785129532338086,0.11101353666754188,0.21654374027649048,0.17772834787469594,0.21948626493350165,0.12302226892671864,0.15604452459800522,0.0942125099422777,0.1445294043138602
Qwen3-8B-Base,1,0.02857142857142857,0.1619371188649656,0.20102935999707727,0.20633686886224845,0.10960925505481456,0.20639377703764816,0.18454745600021383,0.2196023482402647,0.11558149518956762,0.14591675048022912,0.0902899387289482,0.14006393905882397
Qwen3-8B-Base,2,0.05714285714285714,0.16059296649979643,0.20330578370742125,0.21060938115889294,0.1126860068189679,0.20416627742025217,0.17972771041363433,0.21874806948083259,0.11453095298608551,0.14342987476439129,0.07131113415507895,0.14741447409259023
Qwen3-8B-Base,3,0.08571428571428572,0.16703763519925865,0.22155212135791136,0.21676824230594793,0.12133838806798858,0.209183006638606,0.1704944619192561,0.22808934926474922,0.11490549919203696,0.1485173806748814,0.08600009254884455,0.15352781002254146
Qwen3-8B-Base,4,0.11428571428571428,0.15772391639368352,0.20463972482203363,0.20510935050556378,0.10775869871235944,0.21185900282443593,0.17409605821638052,0.22883952391329143,0.10667065583461177,0.14153093798375582,0.06722702509172418,0.12950818603286884
Qwen3-8B-Base,5,0.14285714285714285,0.14879659732162423,0.20148210594753768,0.20207700885895286,0.0842908761660095,0.19922961446986598,0.1859427720618878,0.2260641426053982,0.07528452727281165,0.12806333702070194,0.05809021933053182,0.12744136948272777
Qwen3-8B-Base,6,0.17142857142857143,0.12315862708675758,0.1756957781557591,0.1815156132819613,0.06110100290946863,0.18688220702419256,0.18316061795716032,0.19535291155461632,0.05022132637659127,0.07956661847463453,0.03958066468264587,0.07850953045073072
Qwen3-8B-Base,7,0.2,0.11136016308971086,0.19089617742278409,0.2000400064338821,0.02726804829800178,0.17909490813140516,0.15780136277972723,0.18203797809254008,0.03985756969287646,0.09497074431666874,-0.000648237035097754,0.0422830727644965
Qwen3-8B-Base,8,0.22857142857142856,0.08733679730284566,0.18550355640603677,0.21176415046414798,-0.020795925126827264,0.11504036198741885,0.13858436547846908,0.13295170495228337,-0.05323186677012082,0.08865239723992535,-0.03485162790823049,0.10975085630555725
Qwen3-8B-Base,9,0.2571428571428571,0.08006923460026374,0.1942688418719447,0.19354775130941337,0.002576686036179221,0.14804800510795535,0.1048106373358042,0.05279091642776135,-0.019223972280367763,0.0838708245315587,-0.0467072301629341,0.08670988582552774
Qwen3-8B-Base,10,0.2857142857142857,0.07659722519091092,0.17949310606298774,0.221335490811445,0.013202590933691472,0.14374155983400505,0.09252422271311422,0.1222511470545189,-0.11263729015422719,0.06750427854138652,-0.09354188507591932,0.1320990311882242
Qwen3-8B-Base,11,0.3142857142857143,0.07473445139566169,0.18023934672837227,0.1875550220366159,0.036696583356422674,0.03842507404945683,0.13468653243536732,0.09629291411499608,-0.04516441547004102,0.02548042869592637,-0.030853341375353116,0.1239863693850376
Qwen3-8B-Base,12,0.34285714285714286,0.03171298963930559,0.20083824299763253,0.18264012267401086,-0.08610365449181168,0.12830651954911332,0.12023913106246387,0.21227758040733713,0.019069223902590693,-0.1289586182681186,-0.4140877302315278,0.08290907879154175
Qwen3-8B-Base,13,0.37142857142857144,0.04565032392721534,0.15801252552241962,0.20106603991056582,-0.07341482812607669,0.16107132640743638,0.11951537874843299,0.10097149558740082,-0.02252148392444364,-0.02697465383714137,-0.2776670984201375,0.11644453740382699
Qwen3-8B-Base,14,0.4,0.08207344050105518,0.21464101856350726,0.24189456317563263,0.06551038127381836,0.08520503711769767,0.10390481534176244,0.1321215345545983,-0.15393878587618848,0.10359746739148845,-0.0524057970254852,0.08020417049390371
Qwen3-8B-Base,15,0.42857142857142855,0.044216140495693314,0.21328754979237274,0.2312856853716182,0.009829295267701932,0.10094382273938407,-0.07109032955866179,0.18333845103428126,-0.05983196425216475,-0.11347331625020551,-0.19457601830700266,0.14244822911979738
Qwen3-8B-Base,16,0.45714285714285713,0.05254137024700987,0.19750151422982176,0.11423867592818626,-0.021926857512600595,0.13238718171272446,0.10638781896820049,0.07264789533042382,0.007490930327788137,0.030902198323631724,-0.24845014294555767,0.13423448810769767
Qwen3-8B-Base,17,0.4857142857142857,0.08101356864080671,0.2346473345564074,0.1891966265941788,-0.05823671326494373,-0.03567621267283538,0.1063324055163013,0.18889019772908555,0.021198937065759593,0.04023551310413509,-0.03167573537854507,0.1552233331587286
Qwen3-8B-Base,18,0.5142857142857142,0.04709263719373121,0.19860415658120523,0.12062552691895612,-0.05496660329778735,0.1403430772845108,0.05043672292847934,0.042871060977486164,-0.013077552715658136,0.08112019814949889,-0.2460711299596392,0.15104091507043738
Qwen3-8B-Base,19,0.5428571428571428,0.03871776278301271,0.18782951930226743,0.151716183938147,-0.05965614536110997,0.14516582480076345,0.02360287819123552,0.1312447866203127,0.005043412715049156,-0.016458683441333832,-0.3304932928575117,0.14918314392257148
Qwen3-8B-Base,20,0.5714285714285714,0.025496326591812935,0.1139288070149842,0.2161019175951594,-0.24219737821383713,0.10514244226056879,0.12378813735170724,0.1559998616129108,-0.008889838697105468,0.053428632348920924,-0.3534412884370013,0.09110197308206791
Qwen3-8B-Base,21,0.6,-0.038900857065287786,0.17284658787570806,0.06806128649248,-0.056447146086369804,0.06589301696853611,0.10498373894852842,-0.021857857905925204,-0.3291968304903832,0.016035322550130182,-0.4095336345447689,0.00020694553939804017
Qwen3-8B-Base,22,0.6285714285714286,-0.05959642511914087,0.09446046846826384,0.06271963217782428,-0.2513838033885001,-0.02224967366850561,-0.10503269591862674,0.13100467216692468,-0.1286441020425686,-0.14722750415030306,-0.23295121880208391,0.0033399739664317085
Qwen3-8B-Base,23,0.6571428571428571,-0.17906046362901132,0.1076497397157562,0.08160741814790795,-0.2505347813985954,-0.20890784111219252,-0.1288701425048342,-0.007258814333413133,-0.4345615592059682,-0.2387071527571245,-0.664038207010536,-0.04698329583080296
Qwen3-8B-Base,24,0.6857142857142857,-0.22805383476181137,-0.09600661906449948,-0.018021758863205006,-0.23256391118131692,-0.15651881904937004,-0.2566702580819533,-0.032911744355514916,-0.6324664921039571,-0.2830388411492095,-0.5211168188415085,-0.051223084927332296
Qwen3-8B-Base,25,0.7142857142857143,-0.39298284180584214,-0.008090882499645957,-0.1735998523824145,-0.5853096188144229,-0.15406037269362538,-0.22934119352567817,-0.2804387831394157,-0.7579001051560206,-0.22019347428908942,-1.0800337368901496,-0.44086039866768756
Qwen3-8B-Base,26,0.7428571428571429,-0.494770787286191,-0.016206787742375495,0.00879556476045329,-0.3846368936335325,-0.6057020408742733,-0.6340008973164719,-0.7388268114276868,-0.4531011619193914,-0.38491741454006445,-1.4795056409760958,-0.25960578919219524
Qwen3-8B-Base,27,0.7714285714285715,-0.6462626320950717,-0.4566555627361095,-0.15598126766646403,-0.967477419529785,-0.6549144591541798,-0.3033142945961771,-0.2533395891725345,-0.6343903274505505,-0.8233576758175694,-1.7037278207891307,-0.5094679040377921
Qwen3-8B-Base,28,0.8,-0.9215769929593615,-0.3081699446808548,-0.23905342343163993,-1.404439666386312,-1.0312532315161893,-1.3655036012072133,-0.7849359917157472,-1.153816892481811,-1.6766855029985193,-0.9296025389633711,-0.3223091362116277
Qwen3-8B-Base,29,0.8285714285714286,-1.148751080427545,-0.6056830080554025,-0.9296323391814505,-1.1187535506050246,-1.602470644895746,-0.6372931270629167,-0.9183069410240314,-1.2532117179499465,-0.9112845749793297,-2.1757757367192387,-1.3350991638021297
Qwen3-8B-Base,30,0.8571428571428571,-1.4377282725010716,-0.8294036993762253,-0.4333815608031861,-2.2280919612704695,-1.082566053698295,-1.6900224414918203,-0.9016527021414995,-2.2126200694823748,-2.075268563338733,-2.3216722733869664,-0.6026034000207592
Qwen3-8B-Base,31,0.8857142857142857,-1.5070331906443069,-1.289123481035129,-0.9149139126369543,-1.8118844383519614,-0.9835447475134647,-1.4113058999642463,-1.1790605224264317,-2.2034831879239496,-1.9253972371612753,-2.168364510435223,-1.1832539689939834
Qwen3-8B-Base,32,0.9142857142857143,-2.221581747300328,-1.322139992631723,-0.6625945501545716,-1.647183096517883,-1.9517094496822898,-2.0509923467623765,-1.294003917505301,-3.2869609196771465,-1.8218047140810838,-5.648000227484146,-2.5304282585062423
Qwen3-8B-Base,33,0.9428571428571428,-2.4340500725749763,-1.177118946295018,-1.5353686488380531,-3.559184549568135,-1.8259774154247945,-2.579032339650132,-2.3735790972480832,-2.9986556555420085,-2.320078483204803,-4.139356844022384,-1.8321487459558092
Qwen3-8B-Base,34,0.9714285714285714,-5.009236553863834,-2.7049060198074244,-2.901889391395158,-6.212307420400529,-4.423133161558843,-5.934730316041701,-4.374323017248398,-7.107800635004304,-4.897290385959598,-7.131662385364491,-4.4043228058568715
Qwen3-8B-Base,35,1.0,-14.188549076251718,-6.145502811625475,-8.242368371312303,-14.280594205083236,-12.688506827544066,-15.391351066835057,-11.846844180816014,-21.313973383684115,-17.07596977067437,-20.29783789656204,-14.602542248379264
gpt-oss-120b,0,0.0,0.10750362708819727,0.15689568960864841,0.1708890426159494,0.04482783069593055,0.17367832800131155,0.119052860567611,0.18305957942285211,0.06124075831924436,0.08481096410596178,-0.012828313868699315,0.09340953141335784
gpt-oss-120b,1,0.02857142857142857,0.05766503644336085,0.11130257482607453,0.12149561431307021,-0.017163959608722523,0.1534262388223836,0.09047666616651251,0.1412456365285344,-0.011014638657977693,0.048560204874337765,-0.08774114088973417,0.026063168059332287
gpt-oss-120b,2,0.05714285714285714,-0.017354452632492523,0.06880128221839044,0.06969941865867968,-0.1424169396981836,0.05850688635953949,0.034816397411318034,0.020467919481353847,-0.09693023674488721,-0.026098359947919647,-0.11457183116528946,-0.04581906289770443
gpt-oss-120b,3,0.08571428571428572,-0.0718993934596737,-0.006708068725991501,0.029354670487537482,-0.17010645322849416,0.035075194803238285,-0.0004614043459645334,-0.004365525773932344,-0.24149655086619126,-0.07120801623470241,-0.24007921260672105,-0.04899856810528158
gpt-oss-120b,4,0.11428571428571428,-0.1961882119575303,0.011853463235225181,-0.019298242077932626,-0.27183603985993177,-0.020695276643293736,-0.2761114034707892,-0.016847870983548008,-0.4851360573727992,-0.2807839450836618,-0.44874763061277156,-0.15427911670564587
gpt-oss-120b,5,0.14285714285714285,-0.37781859319838534,-0.24728000342027667,-0.2258687272684774,-0.37949379969280006,-0.1814646009750256,-0.2319312372966429,-0.2537247609167341,-0.6022013573824214,-0.38788100053937824,-0.8278570207740625,-0.4404834237177673
gpt-oss-120b,6,0.17142857142857143,-2.2621115861824643,-0.4992949852452917,-1.1571030761312473,-2.644416485526814,-3.2739260228987046,-1.1588311188628206,-2.0350467862923454,-5.619345238783895,-1.0389116478164029,-2.619303787357915,-2.574936712908513
gpt-oss-120b,7,0.2,-3.511439456186912,-1.8190780967363023,-1.042012570655226,-4.443704498750928,-2.197515133563371,-2.2758505969751814,-1.077696211272543,-9.256058097319773,-4.390172010428199,-7.323424414172347,-1.288882931994646
gpt-oss-120b,8,0.22857142857142856,-4.374816165474469,-3.04258433300598,-2.0627811896089003,-8.45563234509199,-3.7888905795274823,-4.141665340758699,-3.4766734175106855,-3.5647192465863595,-4.06906629236674,-8.022498829542819,-3.123650080744283
gpt-oss-120b,9,0.2571428571428571,-7.256883125192414,-2.2530122673307944,-4.01366630042244,-8.736893426401075,-5.80499250116478,-4.196385545755713,-10.428272324224254,-8.100065751971396,-11.897141807501189,-10.20762989347186,-6.93077143367945
gpt-oss-120b,10,0.2857142857142857,-9.672023266140789,-6.703962504765478,-3.9779852916698886,-11.190916465717995,-6.423766740259293,-11.162343123927025,-11.108723977036743,-12.52656379816354,-9.145332752530372,-17.78019536059922,-6.7004426467363265
gpt-oss-120b,11,0.3142857142857143,-14.550795132983373,-12.49197580444118,-4.685122450792291,-16.24817145895082,-12.347808566718221,-13.072176426743178,-8.715924901246616,-16.69961813089792,-12.22207837287328,-37.16501233031924,-11.860062886850343
gpt-oss-120b,12,0.34285714285714286,-25.732679682130417,-13.439285944003194,-10.359227612835136,-22.82413172236827,-15.07514755962249,-23.766900983620083,-21.171958917526357,-25.23910988673724,-42.57532490375454,-51.26759550018121,-31.608113790653675
gpt-oss-120b,13,0.37142857142857144,-28.243066241216447,-18.146520020022788,-28.766944532611518,-34.72385715707079,-21.502008492014326,-30.852177567076737,-21.440601328025842,-27.398287381009016,-25.18594444956366,-50.661252464097174,-23.753069020663887
gpt-oss-120b,14,0.4,-46.910677227559766,-21.837353931417343,-24.34212775277324,-55.82583174153269,-60.26821906311738,-37.731147591287275,-46.946928082627245,-71.20557594244096,-40.53663547118853,-72.57162133290065,-37.84133136630086
gpt-oss-120b,15,0.42857142857142855,-87.04236308813715,-39.83692588578319,-46.247544512280925,-74.08245886138498,-72.57726534510397,-111.7895668531066,-70.8239263660991,-150.650563474115,-59.27615373302538,-168.7011649000045,-76.43806095045734
gpt-oss-120b,16,0.45714285714285713,-174.33783804286207,-74.91148149179647,-65.26293361095485,-276.648293739931,-102.23866501626051,-200.34298551114696,-131.37618784970047,-205.72911485637263,-142.18395543591708,-192.99205646038314,-351.6927064561219
gpt-oss-120b,17,0.4857142857142857,-238.79840739767013,-156.28239812920927,-161.49410971755316,-218.8772304069287,-233.96264707731174,-234.2537836401661,-215.00384572638487,-283.59446755429894,-256.28308251692647,-409.5342627632242,-218.6982464446431
gpt-oss-120b,18,0.5142857142857142,-460.2184514116424,-198.59488776510918,-216.9158857383141,-430.77529127268264,-413.68297433700116,-417.0251262680299,-485.9131485917279,-891.9951391698999,-537.2023619541726,-581.2974798929301,-428.7822191264517
gpt-oss-120b,19,0.5428571428571428,-766.5738635258219,-320.67147300687594,-577.5159064159122,-1171.0862823198222,-535.3362999282068,-585.3280062092225,-526.0912899771569,-894.1291071583818,-1040.8480819314138,-1261.2712806167679,-753.4609076943319
gpt-oss-120b,20,0.5714285714285714,-1063.1909907993154,-544.5379483438198,-528.6871519929102,-1077.5127168515517,-762.3926576757432,-1142.214004988558,-854.2695038717345,-1844.0098371243118,-926.3832955178367,-2053.952851854105,-897.9499397724614
gpt-oss-120b,21,0.6,-1128.417693492865,-679.0480696090772,-781.2237099399002,-1225.7997742204984,-1008.9269696419564,-985.3592599649162,-1202.606699984438,-1498.8954564578291,-1236.1474246523908,-1438.665921342507,-1227.5036491147882
gpt-oss-120b,22,0.6285714285714286,-2078.179910442435,-977.4165625418455,-809.9776196154643,-5104.386813026278,-1366.970178150919,-1759.3786217880192,-1196.3999007840182,-1588.1619760059023,-2841.7340600321863,-2862.369377001029,-2275.003995478234
gpt-oss-120b,23,0.6571428571428571,-2371.563191453128,-1067.8046752235164,-766.5734703168627,-2703.9030673245607,-2213.488213678131,-2022.2467502183056,-2511.245757185879,-3733.2791053698443,-3022.087105994578,-3154.3991060138846,-2520.6046632051116
gpt-oss-120b,24,0.6857142857142857,-2979.4094675099923,-1277.4650271612486,-1038.567827954452,-2959.425382168616,-2904.0478412896246,-2784.3423520874253,-1810.2114755215755,-6870.637612413427,-2066.6378000597047,-3111.0516876574698,-4971.707668785697
gpt-oss-120b,25,0.7142857142857143,-3560.93788386565,-2132.9143277774283,-1457.9685605829131,-5425.679925286737,-3242.9965069580594,-2777.3131519910103,-3313.9364987417084,-4776.378958332387,-2530.715706711169,-5924.700511776677,-4026.7746904977757
gpt-oss-120b,26,0.7428571428571429,-3753.3540330609103,-1639.2520290724208,-2391.378722763595,-3474.865640715526,-3716.1353636220033,-3439.168696676728,-4521.920444300557,-4919.659461781449,-2650.355996809221,-7229.12506339104,-3551.678911475741
gpt-oss-120b,27,0.7714285714285715,-4571.009370947791,-3740.5463182929007,-2266.364594518818,-6136.814808747531,-3676.657003813078,-3727.861192120307,-5678.525702513444,-4762.299097097374,-6023.670373498044,-6154.693049898023,-3542.6615689776927
gpt-oss-120b,28,0.8,-6167.73017428116,-3513.2624904324284,-2863.8897580087523,-8466.474733568584,-4182.692102623671,-8527.991440610245,-5045.910089581506,-9767.548111918697,-5674.387817189752,-7753.766837557691,-5881.378361318795
gpt-oss-120b,29,0.8285714285714286,-8076.728272025842,-4982.5525066744485,-5326.841247087547,-8972.631092192882,-8792.52050942128,-5755.947854410752,-12214.504612875568,-10658.835791241338,-7352.324842427022,-6939.378912760503,-9771.745351164878
gpt-oss-120b,30,0.8571428571428571,-8500.249725344824,-3911.806018904811,-3331.155648316934,-14156.237243542488,-11122.50260390678,-8499.929099095529,-5212.77368925484,-11124.30373381818,-12424.009035478794,-7684.65944173228,-7535.120739396261
gpt-oss-120b,31,0.8857142857142857,-10337.127053403068,-5729.234689107991,-4001.7190272825546,-12485.216652857232,-6909.225982822998,-11411.714668131557,-11308.809120594971,-14065.443212461549,-15090.149768729607,-14061.159605012052,-8308.59780702933
gpt-oss-120b,32,0.9142857142857143,-16124.415600069837,-6875.625166590582,-6126.7180564918035,-23509.966524313186,-20968.19584891928,-17458.836550251413,-8389.816789214996,-18889.66001849145,-14514.499390026449,-24091.168564482745,-20419.669091912216
gpt-oss-120b,33,0.9428571428571428,-19226.49119488446,-12794.791270391057,-13935.642581620188,-24284.28243910505,-14306.380983568679,-20279.53251286746,-13078.457947019971,-29826.639843607256,-22508.043782648725,-27439.653510061125,-13811.48707795257
gpt-oss-120b,34,0.9714285714285714,-21400.287916825135,-9383.414296790583,-12613.54501722242,-39687.82195706485,-28564.679695153394,-18060.493652365378,-17119.807111990573,-27477.141552239587,-20877.18166299076,-25457.78973693157,-14761.004485499274
gpt-oss-120b,35,1.0,-30697.47035026039,-12146.175387196172,-19614.947230714246,-49214.310165005365,-19749.579291719434,-26621.265816234984,-30882.177281086206,-56544.21269082299,-25115.80049509454,-33896.63397584172,-33189.601168882866
gpt-oss-20b,0,0.0,0.12025366453235178,0.1678164109094571,0.1781328007448143,0.08072964921041537,0.18293440631301394,0.11271891094159692,0.18718578516973194,0.05425422276839287,0.1190507112278385,0.021384345013717998,0.09832940302472659
gpt-oss-20b,1,0.043478260869565216,0.09252743441407403,0.1574721631059347,0.15937487428528674,0.05313268542367644,0.1527276544153905,0.11115844129283159,0.1805171775909058,0.005915940737153735,0.0632184374906899,-0.023156630800927225,0.06491360059998175
gpt-oss-20b,2,0.08695652173913043,0.03591561215095566,0.11804164701198205,0.14738133909241047,-0.033881337174145765,0.09552955172736333,0.07924779030446183,0.07020372585103418,-0.06282391465843307,-0.013504994673247284,-0.08150310657248294,0.04046542060082836
gpt-oss-20b,3,0.13043478260869565,-0.04418659768128944,0.07263085343749298,0.08505557549633003,-0.1735536579473591,0.0270277553955095,0.034328279609959544,0.07284897757380737,-0.14945254151420717,-0.08148675869694211,-0.22532160089520215,-0.10394285927206393
gpt-oss-20b,4,0.17391304347826086,-0.10711402924402572,0.035818159832514906,-0.10488314240335495,-0.23561901524939222,-0.028212567446129766,0.019009434999108343,0.04421153189561189,-0.2849325561491065,-0.06170583396880325,-0.3989169766007983,-0.05590932734967313
gpt-oss-20b,5,0.21739130434782608,-0.24917062252494585,0.0351492304971055,0.013258975240601045,-0.47172526477793664,-0.05344366420551849,-0.2945468912735556,-0.09145002457040352,-0.7278615640239701,-0.38080270633430846,-0.3991831031900248,-0.12110121261120699
gpt-oss-20b,6,0.2608695652173913,-3.048476996185697,-1.3369774219514037,-0.28395023687711984,-10.415652415835613,-1.3402112813620772,-0.697711258499826,-3.687758586603012,-1.581114779893706,-0.5535964484440676,-2.8399405645094475,-7.7478569678793505
gpt-oss-20b,7,0.30434782608695654,-4.148189105864332,-2.0580520500018284,-2.032382341419981,-10.241314316231787,-3.472726126126787,-3.5625312642556466,-1.9593414868782242,-2.2622728580118525,-6.6268972510394475,-5.177021342194677,-4.089352022481757
gpt-oss-20b,8,0.34782608695652173,-4.8236913745865975,-2.759901443070428,-2.0493674993548465,-9.214195500724319,-4.923690526218727,-4.375762577196633,-4.842809714614195,-3.37979456837832,-3.3811310975607825,-7.447294700005045,-5.862966118741513
gpt-oss-20b,9,0.391304347826087,-7.849587044356605,-2.7930726294464234,-1.0015582295927663,-3.0376072437929142,-3.3356939759733466,-5.229572299139336,-3.015175108729501,-18.553685361722295,-10.964309495406342,-14.405109038735828,-16.160087061027934
gpt-oss-20b,10,0.43478260869565216,-9.892156482852569,-8.609735909740921,-3.19821890555522,-8.973421845061727,-7.681507118283731,-6.311331084742292,-13.976417583266837,-10.641113388667357,-7.485159983359095,-27.308313133585198,-4.7363458762623845
gpt-oss-20b,11,0.4782608695652174,-15.463710671656278,-4.049209032939461,-5.9312959863764,-26.69392803961584,-8.90584656958382,-12.783947584170312,-11.069181201782678,-17.95985290014344,-15.385008012255653,-35.38771068001368,-16.47112670967707
gpt-oss-20b,12,0.5217391304347826,-16.86817023363431,-11.052518835694885,-14.596863168658468,-15.322609192955994,-16.220375412800706,-31.266799331104068,-18.498968256367267,-16.28822429592369,-10.847541748920294,-19.19820828283276,-15.389593811082431
gpt-oss-20b,13,0.5652173913043478,-14.565188869862643,-6.968564848295985,-4.768410492811399,-16.645428282564197,-17.487312169954386,-12.902404340640045,-10.83944118637818,-18.815883885426476,-10.459077168370463,-36.38564279661035,-10.379723527571326
gpt-oss-20b,14,0.6086956521739131,-25.411149914548343,-6.933864067785089,-12.198635929731667,-35.877225736971326,-25.980330883029463,-31.182391027186306,-24.07732144386396,-27.53872346756302,-31.509777756299137,-36.929106347588565,-21.884122485458825
gpt-oss-20b,15,0.6521739130434783,-28.204750835721665,-11.57255950236285,-13.808562337841387,-32.62187686797991,-28.32713148084966,-48.9521408511002,-24.046276575159634,-31.16477068573964,-45.42381201172717,-30.17641372225784,-15.95396432219583
gpt-oss-20b,16,0.6956521739130435,-67.63357019202445,-50.604240124065925,-37.751540256489655,-61.53564282298827,-62.536873105587425,-88.07018015191878,-56.24692190714262,-55.89439209155183,-124.10211123866195,-86.29126307886219,-53.30253714296821
gpt-oss-20b,17,0.7391304347826086,-75.46871438010402,-30.378889167710525,-41.14975818368593,-81.40321624966542,-55.589795272128804,-106.98589048074564,-66.93997988410975,-109.1915386272793,-65.255913987221,-118.35467369948609,-79.43748824899244
gpt-oss-20b,18,0.782608695652174,-126.37544914650508,-59.878670597204,-63.19375633153844,-182.34689158688,-102.07703816855138,-92.61008275976766,-112.46930095486667,-267.2944261742428,-108.63216262049038,-165.70306311060412,-109.54909916088926
gpt-oss-20b,19,0.8260869565217391,-220.39823004905287,-120.38971583341068,-105.8054296407511,-264.5669781948597,-207.49262386540636,-206.36581246127008,-188.34378197427571,-333.418497392346,-244.96649457779338,-366.9610603705144,-165.67190617985239
gpt-oss-20b,20,0.8695652173913043,-376.1393462016884,-178.71935267878396,-233.4892992233729,-462.5062700773481,-268.7583213589738,-447.0881552493473,-379.7398345152523,-473.398571318824,-371.7272975696415,-611.3764342092622,-334.5899258160688
gpt-oss-20b,21,0.9130434782608695,-545.0697877515255,-458.63829709754197,-433.10870817955424,-808.2736922730612,-380.4919202411919,-369.5634980802386,-472.9653166175025,-562.9158244232607,-780.0962696746606,-459.5363266062798,-725.1080243218396
gpt-oss-20b,22,0.9565217391304348,-910.105733429535,-333.6307190043811,-948.3995821897116,-810.1365310834067,-1200.0782865446283,-927.1345090467238,-504.7294893269001,-1118.4217514710247,-1414.364648194256,-1153.8436171052836,-690.318200328845
gpt-oss-20b,23,1.0,-1321.466547094845,-868.8604100498417,-796.5037170606461,-1137.5860749883964,-1519.315341555479,-1223.8866141238084,-1094.4012186878135,-2212.869378540314,-1210.0383433188974,-2138.6097961324563,-1012.594576490582
gpt-oss-safeguard-120b,0,0.0,0.1019615151836099,0.1556241890150113,0.16592178486524323,0.04003519048722248,0.15853039525275925,0.13039246634007562,0.18424687155790964,0.04214228129737663,0.059247048578864314,-7.96439978731911e-05,0.08355456843971054
gpt-oss-safeguard-120b,1,0.02857142857142857,0.04618281362586343,0.10074342294215544,0.13667557420697674,-0.04406266797026692,0.12789511741665383,0.06751090073349064,0.1348565580244928,-0.04409158782137701,0.0210684153754509,-0.06659716772747215,0.027829571078756832
gpt-oss-safeguard-120b,2,0.05714285714285714,-0.0695261427971401,0.04060024389969841,0.056064122641794834,-0.08959498433566959,0.02467161041357402,-0.03672697373501754,0.08683705621761306,-0.10083770735425479,-0.2047559546153468,-0.33318467558854725,-0.13833416551503586
gpt-oss-safeguard-120b,3,0.08571428571428572,-0.11578037280008217,0.0228629181109119,-0.02305071809242243,-0.16737228779478808,-0.03603683410151026,-0.09368796435146853,0.03982460888850148,-0.3577213222796356,-0.0780769954893814,-0.37248699624269754,-0.09205813664806506
gpt-oss-safeguard-120b,4,0.11428571428571428,-0.22885968893232472,-0.04354381659365214,-0.04718936549801134,-0.36015987519383463,-0.37028586463961766,-0.10721230532422044,-0.04241756767639826,-0.3190749070418468,-0.33811434151525877,-0.47591014690302,-0.18468869893711193
gpt-oss-safeguard-120b,5,0.14285714285714285,-0.49438549028194867,-0.21296478988896705,-0.2271000787233286,-0.6426963834810397,-0.35684739028214163,-0.37583848482951066,-0.3614718761010296,-0.9107517600891004,-0.6825676529884392,-0.9783667082122678,-0.19524977822341882
gpt-oss-safeguard-120b,6,0.17142857142857143,-1.9785945225171033,-1.3877676226036262,-1.2786210952430168,-2.3090545523994406,-0.8225777417171825,-2.0095597423563785,-1.755625138885875,-3.304339181002115,-1.8564474263477453,-2.893814458952804,-2.168138265662048
gpt-oss-safeguard-120b,7,0.2,-2.4355410475342794,-0.8680391032763546,-2.278184230261942,-2.5359210414674416,-1.8260061108693875,-3.269208380000018,-2.578619058379534,-3.0537036722678934,-2.5442489319670574,-3.1290630508816086,-2.272416895971039
gpt-oss-safeguard-120b,8,0.22857142857142856,-4.654206091923366,-2.108516971392047,-1.5035718529826538,-5.475740518942117,-7.303184434490003,-4.608089160147205,-6.569402491363568,-3.487226523691847,-3.9198890467308143,-4.440172355324807,-7.126267564167048
gpt-oss-safeguard-120b,9,0.2571428571428571,-6.078536745824099,-2.7504547277706375,-4.097091941723894,-7.275017220182141,-4.347873534771912,-5.293064954589678,-7.516397291739866,-5.694929281475417,-7.100475395696064,-11.923413728185068,-4.7866493821055665
gpt-oss-safeguard-120b,10,0.2857142857142857,-11.845906374404422,-4.115061059804491,-6.102390666226171,-29.248081250396826,-8.850033545233325,-8.530616897555348,-10.384513869228122,-10.966955932104527,-9.081288163064265,-19.05746827377135,-12.122654086654535
gpt-oss-safeguard-120b,11,0.3142857142857143,-13.726955984262554,-6.600874642939489,-10.654849037425826,-13.839364069269969,-11.416522213650422,-12.134246936707271,-11.2573642035001,-15.184007877909636,-12.627225868422391,-24.22104658047403,-19.334058412323706
gpt-oss-safeguard-120b,12,0.34285714285714286,-24.007995389752036,-21.99202139861107,-10.536398278586919,-28.125392745596276,-19.684027805734523,-16.99936493339464,-16.95397546513576,-33.13693252076761,-36.48832495669337,-26.540856028302958,-29.62265976469299
gpt-oss-safeguard-120b,13,0.37142857142857144,-30.482490063207592,-20.594504117225704,-19.412516774691777,-31.380235706585438,-21.169947864138464,-16.77700527399238,-32.23726086428608,-46.16279559581958,-31.09137306707595,-60.78389819271882,-25.2153631755366
gpt-oss-safeguard-120b,14,0.4,-60.30454971815882,-25.071396167345924,-35.385909538580925,-90.14022468265837,-50.75167141216824,-46.9097842736167,-75.32387423315716,-98.51674715118219,-46.689646049487344,-81.59488085874783,-52.661362814624454
gpt-oss-safeguard-120b,15,0.42857142857142855,-80.97768566994775,-54.50706264102857,-51.36447760608363,-78.18278253125307,-66.55902499879079,-60.09518321730018,-58.30557971215374,-149.63664532173593,-121.89366313782637,-111.94049147644908,-57.29194605684011
gpt-oss-safeguard-120b,16,0.45714285714285713,-156.15273681277753,-98.69421028409609,-67.20063380177186,-142.02375654641193,-147.70832270394646,-170.70123414010715,-174.13995760417959,-206.17477189151492,-183.114253394932,-214.4816331173469,-157.28859464343725
gpt-oss-safeguard-120b,17,0.4857142857142857,-266.69067971912506,-108.26735757680731,-140.07189877686903,-361.38764131367395,-264.88076963998697,-227.6447195635206,-183.24441337426936,-388.85858842265304,-272.68344966020277,-492.9165013814002,-226.95145748182415
gpt-oss-safeguard-120b,18,0.5142857142857142,-463.2483922782073,-282.6577245905215,-190.81605507660643,-809.9033520533202,-426.15934304117627,-446.27604896655777,-368.55823571330865,-581.6722885473177,-422.0545816021527,-573.4381404899237,-530.9481527010329
gpt-oss-safeguard-120b,19,0.5428571428571428,-706.5878900937422,-353.0598897505374,-367.2368533197728,-860.6086099641907,-678.293444521017,-684.3823072303489,-624.2723122427927,-1123.9159125827866,-867.8892385276336,-982.1583917659498,-524.0619410322915
gpt-oss-safeguard-120b,20,0.5714285714285714,-1127.0902570502253,-670.4280065451023,-670.7571460157626,-1167.4232543876462,-1084.4395331601613,-792.67671777361,-1334.9331002232495,-1858.9378816375267,-1215.922250266674,-1548.588212478635,-926.7964680136118
gpt-oss-safeguard-120b,21,0.6,-1224.9577641027643,-626.5773758300511,-642.5512576063913,-2328.1638925635057,-1142.207063014081,-1077.1397153105768,-1099.140040019501,-1379.4760384925637,-1396.0980680954003,-1503.0654135354564,-1055.1587765597253
gpt-oss-safeguard-120b,22,0.6285714285714286,-2136.731833233213,-1890.7751635025245,-1660.9321527685508,-2740.1625960333395,-2011.8888324446707,-1541.0201725811712,-1939.8554530784043,-3274.0873929695294,-2393.8359326858867,-1977.8973786748152,-1936.8632575927872
gpt-oss-safeguard-120b,23,0.6571428571428571,-2361.6920431687927,-1031.888494621267,-1000.8115016846242,-2164.9330656283337,-1622.242186564433,-3122.648577648502,-2535.2042884663556,-2721.731951659887,-3219.8910057532967,-4469.331674541279,-1728.2376851197264
gpt-oss-safeguard-120b,24,0.6857142857142857,-2488.9719547600635,-1629.2205172813258,-1707.0279056842103,-3451.8258412033288,-1707.7155356581354,-2572.6548247059327,-1777.4209274378509,-3845.4136241897604,-2276.3835869325944,-3371.2750748547637,-2550.78170965224
gpt-oss-safeguard-120b,25,0.7142857142857143,-3698.32185312594,-1506.4034333156642,-1505.0969436007238,-2672.77689677422,-2312.4666191840192,-4539.3147103624315,-2261.139585945015,-7784.81569659355,-3331.6020172850435,-6678.784361869136,-4390.818266329045
gpt-oss-safeguard-120b,26,0.7428571428571429,-4780.405105848125,-2346.7837159860946,-3602.422606089716,-4907.95660417356,-7270.796760358099,-3995.6795944398837,-2900.8865864963823,-6880.894129146783,-6116.24091110871,-7379.864876695855,-2402.525273985517
gpt-oss-safeguard-120b,27,0.7714285714285715,-4491.499092651254,-2730.0026295565926,-2496.412667643982,-7628.169849598138,-3446.410025011664,-4498.56342645853,-2849.240237063257,-5326.075583028022,-4058.2045381933904,-6336.6873101799765,-5545.224659777871
gpt-oss-safeguard-120b,28,0.8,-5271.277829271286,-2320.886090218828,-2864.5250886865683,-6110.041006508682,-4506.927879191383,-6041.840282740169,-4071.167963146654,-6264.892694559331,-6971.954335781256,-7636.0461090482395,-5924.496842830487
gpt-oss-safeguard-120b,29,0.8285714285714286,-7084.066688528901,-2842.7749445238533,-5484.570007539231,-7300.8000056853825,-5926.943066076155,-8842.814211551418,-7302.890748866397,-9988.26045338524,-9245.320343361536,-8781.783181369276,-5124.509922929456
gpt-oss-safeguard-120b,30,0.8571428571428571,-8440.272641250833,-5843.915195676,-4960.248972464385,-8390.685427655324,-7242.55206571631,-8936.374218341205,-8929.178177164407,-11467.571836806042,-7559.388416724794,-10708.439485564111,-10364.372616394026
gpt-oss-safeguard-120b,31,0.8857142857142857,-11202.27266369677,-5192.554173318657,-4830.543744015539,-11863.595668432094,-8226.56431909385,-8038.472218661624,-8233.88866555442,-18556.293172532914,-17462.978705782945,-22373.127962359576,-7244.708007214953
gpt-oss-safeguard-120b,32,0.9142857142857143,-13479.31457036848,-7529.932095298014,-6825.748475016984,-15987.786518662726,-10930.163964360561,-13228.49548672866,-10039.963198523827,-17599.572291376866,-14876.578406456721,-27272.08259935813,-10502.82266789932
gpt-oss-safeguard-120b,33,0.9428571428571428,-18056.50681981288,-12145.20695524794,-8422.753579540204,-23754.556485516074,-16205.877657415387,-16819.433120564758,-19983.850126197543,-24084.257384298413,-24714.293657987193,-21027.58618749918,-13407.253043858898
gpt-oss-safeguard-120b,34,0.9714285714285714,-25473.721163502047,-10193.117594337184,-17501.00462658319,-35654.15003642763,-18831.91545105013,-31496.632606560863,-18374.038361788964,-36134.00771089816,-28398.376844067498,-33745.807188634484,-24408.1612146668
gpt-oss-safeguard-120b,35,1.0,-29835.749538929445,-15145.529769464947,-13334.16001440661,-30151.63556691699,-24374.19665509854,-46631.84342308421,-31999.271338480536,-29668.085445576293,-23663.614455095336,-52166.569601631694,-31222.589119535493
gpt-oss-safeguard-20b,0,0.0,0.11548191354848936,0.16297139356506563,0.17782478411608416,0.054842754365990065,0.17453152489866053,0.1236377732193139,0.18140583360895013,0.058803980329973915,0.09130581741181332,0.018968425641570086,0.11052684832766413
gpt-oss-safeguard-20b,1,0.043478260869565216,0.08442938759770045,0.15152607241423843,0.14511262738271313,0.02880786740133212,0.14345799019916783,0.09940367138788375,0.1601041985996453,0.002498146626501052,0.07392826693271526,-0.024144700404174824,0.06359973543718711
gpt-oss-safeguard-20b,2,0.08695652173913043,0.023686350013231373,0.11746292349863263,0.13615575325560503,-0.02377032975737925,0.08330180718485469,0.0610552836488194,0.10386392384808874,-0.11009920680466911,-0.03127047933569305,-0.13500042558734093,0.035164250181584866
gpt-oss-safeguard-20b,3,0.13043478260869565,-0.02007534769979278,0.0645589754627589,0.10398288444771753,-0.11271161847834388,0.03708617685893556,0.027377349041161847,0.03470999053943635,-0.1485249693630002,-0.020222846450312026,-0.16809327282602227,-0.01891614623000004
gpt-oss-safeguard-20b,4,0.17391304347826086,-0.12506864956028682,0.03191045415986704,0.035388681229716834,-0.17880517186585276,0.013376591894238232,0.02385979595607879,0.059991946977749344,-0.27450980917905565,-0.2952523526191919,-0.4508387742319935,-0.21580785792414248
gpt-oss-safeguard-20b,5,0.21739130434782608,-0.24367105301105588,-0.17768846591461052,-0.03529491132226359,-0.4141256262543145,-0.18833221792692645,-0.14418097047736333,-0.035655713349272755,-0.5211128109764895,-0.312144205442197,-0.3857871872224845,-0.22238842122432168
gpt-oss-safeguard-20b,6,0.2608695652173913,-3.8952375382711693,-1.9180956233202986,-2.9630472962707635,-2.6357255914829514,-3.42756226857459,-4.516899856649027,-3.4744267365156896,-5.043082669768623,-1.9758503410457693,-9.961595529457382,-3.0360894696256686
gpt-oss-safeguard-20b,7,0.30434782608695654,-3.30003112011509,-1.7726625250300896,-2.4425978522171796,-2.3855298015224804,-0.813914426042643,-2.5266193740686975,-6.806187062256917,-1.5383841509733944,-5.466749113579652,-4.341505865373623,-4.906161030085474
gpt-oss-safeguard-20b,8,0.34782608695652173,-5.441840935363578,-2.707029501054367,-0.8044196870174831,-3.8664822470963136,-6.0834937515268726,-3.8702174902107673,-6.081766053049542,-3.146138053218521,-7.205347465031485,-17.09992357664878,-3.5535915287808333
gpt-oss-safeguard-20b,9,0.391304347826087,-10.909982628352362,-3.2573542165493663,-5.392912160832144,-9.413794605230063,-5.043790893469572,-11.677389565015591,-6.033457854557867,-39.18326567592723,-14.64198715374954,-7.401151129175053,-7.054723029015836
gpt-oss-safeguard-20b,10,0.43478260869565216,-7.026208881112159,-10.465758567966022,-5.01732121358382,-4.068251160237038,-19.264339148910427,-4.457805621487758,-2.9724786599270314,-6.185860916651829,-6.187005780346148,-6.32509458176074,-5.3181731602489215
gpt-oss-safeguard-20b,11,0.4782608695652174,-13.390994041893247,-7.239218209395908,-6.361622339400752,-14.412585161044545,-6.2645259393084025,-4.070314772152018,-12.274902549725601,-28.102647821410027,-12.627205200146886,-24.857137564812994,-17.699780861532556
gpt-oss-safeguard-20b,12,0.5217391304347826,-18.035650822635574,-8.566186738124147,-11.705582807072272,-24.266606375517508,-22.69306848306072,-12.292523104612656,-20.113272097912795,-18.568634954482384,-26.565427825406015,-28.21105737302467,-7.374148467137372
gpt-oss-safeguard-20b,13,0.5652173913043478,-18.70163588041691,-14.637003013479351,-5.4535231724144655,-8.042929383084665,-7.918285573380455,-9.106504101598667,-20.44939697100144,-31.704030509764173,-17.907857157336533,-46.512192905627444,-25.28463601647839
gpt-oss-safeguard-20b,14,0.6086956521739131,-21.116757146618035,-9.02560971924375,-8.981612771626846,-20.618590536214853,-20.37798447994887,-32.34534405981307,-12.584087059225345,-26.967739273111924,-20.802466121318506,-40.62807238509285,-18.836065060581525
gpt-oss-safeguard-20b,15,0.6521739130434783,-30.98397043285013,-16.173155923399587,-14.569458670829812,-58.41022028374743,-15.081654199805243,-22.305831498778232,-21.19143847521678,-32.32319546703356,-17.53563080290815,-59.825565139966976,-52.42355386680661
gpt-oss-safeguard-20b,16,0.6956521739130435,-53.60192722792726,-37.91604718374397,-22.066646605124223,-95.31229146531004,-39.80887492565506,-52.55389488474621,-44.22496423454907,-100.17895853532512,-43.563906326596566,-60.860168312275086,-39.53351980593521
gpt-oss-safeguard-20b,17,0.7391304347826086,-70.50430362696349,-39.586241428814375,-33.87341925274047,-89.39266940580083,-80.41659089204074,-71.53702249020577,-52.89174167676466,-93.56240455964318,-92.92174831204493,-89.75655542520256,-61.10464282636125
gpt-oss-safeguard-20b,18,0.782608695652174,-166.04567273998782,-128.95842672573391,-105.61817100640786,-193.87982284405143,-149.9128874310671,-135.31057939058152,-92.9339399225991,-248.42221563081893,-143.21470365317143,-252.22232483571804,-209.9836559596969
gpt-oss-safeguard-20b,19,0.8260869565217391,-264.9239138325606,-138.01571946420952,-133.57073817629987,-287.51581107575333,-266.5267780648911,-210.63701346966613,-336.40497093655244,-304.77921650970575,-239.76552644810607,-310.0354789861528,-421.987885194202
gpt-oss-safeguard-20b,20,0.8695652173913043,-378.9671299218745,-168.38650535761883,-141.9749286007299,-416.2780488459768,-666.9295290654209,-362.06223600437636,-296.67382245094774,-394.8841351533415,-333.4145672106562,-616.8432992007874,-392.22422732882615
gpt-oss-safeguard-20b,21,0.9130434782608695,-551.2585640849608,-262.68009362851177,-300.66189295745056,-632.063079152966,-385.6669224590133,-387.22017494220256,-411.8253116572231,-823.5196122366942,-642.4512035480227,-1110.9130112962603,-555.5843389711847
gpt-oss-safeguard-20b,22,0.9565217391304348,-934.3221185183136,-377.1571087865434,-634.6976697400671,-1361.3581704002386,-607.353546036545,-973.3198365850733,-828.8194399247229,-1187.9162107109817,-722.5974096888368,-1372.1855449412292,-1277.816248368637
gpt-oss-safeguard-20b,23,1.0,-1274.4304656745483,-539.4661441729603,-543.0725393805463,-1603.5135644116726,-1150.87889189569,-1241.6372250913068,-964.8982419865464,-2009.818100102033,-1565.0079054042114,-1500.760898763817,-1625.2511455364386
